text,label
都是被套了！[流泪]7,0
谁在砸盘！主力在诱空！,0
早知道就不平仓了,0
[色]4,0
数字货币加油干,0
上方抛压盘太重了 至少还得洗一个月才会有起色,0
每天挂涨停买入。说不定就发财了,0
中天没跑掉卖不出去不成交啊，你呢怎么样老板？,0
有中间体生产,0
我滴妈！你们这些韭菜是怎么想的？这样能赚到钱才怪？你炒股入市就是为了解套来的吗？记住了炒股是为了赚钱的不是为了解套来的，好不好！,1
好的买不到 能让你买到的你觉得会让你赚钱吗<br />,0
主力已出2亿,0
以挂4.41不知道能否买进,0
你还不了解它吗,0
必须有，隔壁都晒图了，专供医护人员使用，每日一测。,0
主力不敢吹的牛，你敢吹。庄家不敢装的逼，你敢装。,0
根据研究机构预测结果，盐湖股份近6个月的平均目标价为48.00元。,0
这故事好，我准备守着开尔新材,0
低开是百分百的,0
[棒]27[棒]27[棒]27,0
看不懂啊，豆豆，我小白一个。求指点。,0
北向哦天解套跑了,0
找人接盘？,0
又又是拖拽，还带害人呢？,0
输时间，不会输钱，优秀股票很少了。,0
要破低了，这东西3块不能再多了,0
这边建议进厂拧螺丝,1
打脸,0
我也看完了，故事放在这里恰到好处，为作者点赞！,0
怎么拉黑,0
1个月的213，出来丢什么人，现什么眼?,0
论坛里别有用心的很多  不是都是本着交流为目的  ……,0
还幸亏不,0
好多年前股价30了，现在21，能跌到哪去？怕什么呀??,0
不怕跌就怕肾虚，这股就是肾虚中的肾虚完美的又一次躲过板块反弹，作孽走了走了买票还得买龙头活跃股,0
快上,0
9-16板,0
既不是？也不是？那么就什么都不是啦！大家也可以取关了，呵呵呵,0
李老师是谁啊,0
进就进，不用宣布给全世界知道。[闭嘴]12,0
等了快一个月了,0
买股就买价值股！！！不喜勿喷啊。我是老白????,0
怎么可能<br />,0
嗯2块在买,0
它做空a股 你们还要买他们家股票？？,0
你又猜错了。,0
反弹也不能做云铜，最弱的就是他。,0
美国准备第四针,0
神经,1
华蓝和东数西算有一点点关系，拿着吧,0
理想永远是最好的但现实到八九元不知到不到,0
你补了没有？回复补了多少股？,0
"脑子是不是有病,有病就去看医生",1
上涨的前三天陆续把股票卖了，全部梭哈宁波 ??,0
新疆,0
我两年前3.8买了8万股，4块就卖了,0
股神，后天还是跌停吗[吃瓜]15,0
南糖白送,0
恭喜,0
太可怕了求评论<br />从最近3年的年度表现来看，2020年是以“两瓶酒”为代表的大消费表演的一年。2021年是以宁德时代为代表的新能源表现的一年。显而易见三大板块中主要的两大板块在过去两年里都轮番表演过了。水皮想现在无论如何，即便从保守的角度来讲，如果有结构性机会，也只可能是大金融板块。大盘指数已经走坏，注定今年是震荡调整行情，高估值版块风险加大，主力资金调仓换股到低估值滞涨的银行金融版块，江浙地区的银行受益于当地经济发展，发展空间巨大，具有涨停基因的小市值紫金银行底部已出现，目前月线金叉，趋势处于上升通道，布局建仓时机，未来可期，正在酝酿大行情，全面注册制后银行股也会有20cm大长腿,0
有什么可谢的，我说的重点是要在涨停板卖出去，有几个听明白的，现在后悔了吧,0
哈，你真的是神。,0
看这样不像今天上市,0
谁在做空？你懂的！,0
实力打脸,1
等你不逼逼了，就该涨了,1
做你的春秋大梦把，这是个拉鸡🐔，底开是它的祖传密方,1
就你这脑子还炒股你只会一加一的逻辑！,1
你个大托,1
你看这个饼，又大又圆,1
专割你们这种死拿着的韭菜,1
呵呵想多了<br />,0
这股票每次拉高就是出货的机会，卖出了买入了恒宝股份，比这个强势，强势股最多调整不超过3天，看看连续涨停板板的股票，上个星期五就买入了恒宝股份，今天早上跌的时候直接买入，看好它。,0
跑不跑,0
劝你好自为之,0
别急等几天看看去年一年涨八个停板,0
他以为重组，沃日，这智商来买股票够呛,1
4.15满仓的,0
大胆一点1600,0
一样的浙江股，一样的基建，一样的中标地段，差距一个天一个地,0
你把宁波建工放哪里了？,0
同样的[流泪]7[流泪]7[流泪]7[流泪]7,0
，,0
玻璃那么惨你居然还那么稳,0
还哪能有那个价钱了，前期涨停吸筹，现在就是洗盘。,0
嗯,0
老千,0
现在保证金留够，随便它拉，总不能比菜油贵吧,0
没买贵人鸟就别逼逼,0
我也是，但我在28块钱又接回来了[笑哭],0
。。。。你还是别说话了。。。。。。,0
2020年7月就申请了牌照，现在还没有下来，是不是没有希望了？,0
"这种走势,哪天买都是最高点的。",0
是看错百川,0
大哥真牛,0
物极必反,0
不可能的,0
发哥刀都架脖子上了，煤炭还在扑腾，最低就在50了,0
你这个托太明显了吧，天天叫人接盘,1
牛B，今天又是倒数第一，延续上周五的排位。,0
下午深v,0
快了，再等等,0
嗯,0
做梦呢[可爱]2,0
你想多了 朋友,0
这股反向理解,1
这个可以有,1
今天新和成怎么布局,0
说反的吧，卖的多,0
我看到他提示后买入目前十八个点,0
满嘴跑火车，有意思么[骂]16,0
这个奶牛是只吃草不产奶[可爱]2,1
你越喊越跟你反着来,0
我提示的减仓位2800。大家注意哈,0
你怎么知道，你也是里面一员吗,0
好了 我马上接盘,0
一字板,0
这叫空中加油，小菜鸡三个月能看懂啥，辣鸡,1
明天能涨停么？,0
真是个大聪明,0
只要开打就行，要的是概念！炒作不要其他的。,0
涨到八块就满足了。,0
纯碱太强了，空纯碱好慌,0
拉萨天团做的票,0
你会打脸的,1
什么眼神,0
九安卖出可以到保利联合抄底，大行情还在后面[棒]27,0
吃个A,0
今天20Cm,0
我是四毛二买的,0
看看你说的10点半[糗]5,0
反向龙头[捂脸]18,0
两个冒牌货带头，向下起动？,0
保利协鑫改名字了。。。协鑫集成科技股份有限公司VS协鑫科技控股有限公司。。。混不了？[捂脸]18[捂脸]18,0
没有先手不给机会，算了,0
和更名无关，基本面早就变了，增发不出来难涨,0
保利太弱了,0
兄弟，纽币,0
会,0
低位潜伏需要勇气跟耐心的了,0
标榜要破发,0
不是,0
跌停开不了，都给你,0
愿望是美好的，现实是打脸的。,1
北上资金是在岀货吗？真看不懂,0
他喜欢当[狗]28,0
你怎么不说8000亿？,0
你不是看空吗？你难道不是散户？为啥说是一致呢？,0
进不去了啊！,0
说得这么多，有涨吗？估计是被套牢死了吧？,1
富爸爸是泄气的皮球,0
竞价太弱了<br />,0
你的感觉不是个好感觉,0
万水千山总有情，你看九爷行不行，我看行[棒]27,0
喝的72度的吧！53度的不可能醉这么快！,1
[白眼]9[白眼]9[白眼]9,0
应该要开我还没进呢[捂脸]18,0
真用心了 简单点一句话 千万别卖！,0
你被打脸还少吗，你这水平，哈哈哈哈,1
谢谢你,0
成本16的瑟瑟发抖,0
割韭菜的,0
看看汾酒就知道了,0
海峡环保(603817)2022年2月18日dde散户数量为12.95。散户数量增加，主力介入低。并且散户数量相比昨天增加687%，大单卖出较多，表示主力有进一步将筹码转移到散户手中的现象，后期盘面可能不太稳定。该股在两市中散户数量排名名次为1104。,0
开盘接近10美金,0
天亮了！,0
不！,0
长城不倒你一定倒,0
0.5是可行的,0
牛逼,0
你卖十三香呢？,0
股市里都是人才,0
兴盛旺成立于2021，双方及股东均没有医疗历史背景，业务相当于外包，双方合力将股价做高[龇牙]8,0
162才回成本,0
家里刚通网么，兄弟，哈哈哈,0
黑嘴,1
刚卖了就涨！,0
拿10年看看,0
是涨太多了，所以跌到1块也正常,0
开不了的，你看看封单,0
主力知道你的意思啦……使劲评论区发……主力会听你的……哈哈，哈哈笑死啦,1
眼睛是个好东西,0
说明上升无阻力，主力压着不让涨了，想低吸,0
说反了，应该是涨5个点,0
st怎么涨这么多？？？,0
就是怕它摸溢价，只拉正股，那就坑。好在债价不高，还是有一定的机会,0
不好意思，有14分钟,0
要点脸吧,1
挂着玩儿的,0
刘丽霞谁,0
给自己上套,0
清仓就没这烦恼了[龇牙]8[龇牙]8,0
谁也想,0
四年了，你都闭眼玩[笑哭],0
补10倍，几个点就回来了,0
你多买点,0
解禁潮来了，涨停就走,0
低调低调，已悄悄加仓800手,0
宇宙总龙头九安医疗,0
全是高溢价发行，承销商和上市公司股东赚一波把散户全套成股东，现在新股都这套路，有成长性的股票开盘直接2--3倍散户想买也得高价买。,0
打嘴巴把,0
是个狠庄在操作,0
你早点歇着，逼逼啥,1
操作的时候手抖了，26个点,0
你说了算呗,1
你都这么明白了，还这么关注这只“垃圾”干什么，几千只股票还不够你操心吗？,0
1秒都用不上,0
16不知道什么时候能回本,0
鸟玩了你,1
绿一个点了兄弟,0
难道欧洲打仗需要买中国的轻武器吗？,0
我真的周五买了，想我发财吗,0
这就是典型的丧心病狂,0
急了，拖出来了…..找不到接盘的小散好慌[龇牙]8,1
三元没有融券。,0
被你这嘴开过光基本完蛋。,1
哈哈,0
反向操作，盆满钵满,0
你是咋看出T字板的啊,0
6000手出货了,0
有公众号吗？,0
痴人说梦,0
不可能吧，能保住±0.02就不错了,0
唱空证明你没筹码,0
今天主力没有挂跌停试盘，必有蹊跷！,0
梦里啥都有,0
[捂脸]18[捂脸]18[捂脸]18,0
在那喝的假酒,0
干就完了,0
我34出了,0
龙头是哪个？<br />,0
随便跌，破了二十再来买,0
东数西算利好都出来了，今天应该是稳了的,0
你字多就服你,0
兄弟再坚持两天就不一样了[糗]5,0
高开低走,0
你炒股赚过钱嘛[吃瓜]15,0
坐下慢慢说，别噎着。,0
搞了很多数字基建，固定资产增多了。你是不是装不懂？,0
别怕明天还是涨停,0
瞎扯淡,0
搞了个中间体项目备案 股价就翻天[捂脸]18 何况雅本已经在量产 还在筹备扩产…..,0
你懂个毛线，天士力研制心脑血管疾病类药，是主营业务，占比收入达到百分之70以上，而且毛利率很高，近十年没有融资，证明现金流也很好，就算拿着钱去搞酒也没错，云南白药公司还搞牙膏呢,1
阳光城房地产暴雷没看新闻？技术面也不看？,0
我七点走了[流泪]7[流泪]7[流泪]7[流泪]7,0
九年就学了这个？这票你看看庄股典型特征，涨一分跌一毛。你别在这害人了,1
肯定下不去了。可以拿一拿。兄弟姐妹们们<br />,0
说了这么大一通今天被打脸,1
不用着急，主力得等你们今天追高进来，反正今天你出不去了，他还怕你跑？,0
13.6会不会追高啊,0
打不开就打死你[可爱]2,0
沙钢股份<br />,0
这货三年了，气的快吐血了,0
自言自语，一个点又卖又买的笑死了，我在科士达赚了10几个点，都没你这样！看看人家涨多少吧！,0
一个都跑不掉,0
杞人忧天,0
好的，100万支持下,0
这你也信，你天真的可爱,1
同意,0
你倒是截图出来，别在这里扰乱军心,0
有良心的股民都会自觉抵制,0
谢谢,0
牛哥互关一下行吗[笑]1,0
套的多了，估值不高，拿着正常吧,0
想多了，这股很难突破三块,0
必须是东数西算！公司集云计算，边缘计算，大数据，区块链一体企业！！！,0
他说不行，就要开始加仓,0
我周五成功洗出来了,0
是条半死不活的蚯蚓，,1
牛逼,0
单价连续三月回正[龇牙]8,0
管理心理学去<br />从最近3年的年度表现来看，2020年是以“两瓶酒”为代表的大消费表演的一年。2021年是以宁德时代为代表的新能源表现的一年。显而易见三大板块中主要的两大板块在过去两年里都轮番表演过了。水皮想现在无论如何，即便从保守的角度来讲，如果有结构性机会，也只可能是大金融板块。大盘指数已经走坏，注定今年是震荡调整行情，高估值版块风险加大，主力资金调仓换股到低估值滞涨的银行金融版块，江浙地区的银行受益于当地经济发展，发展空间巨大，具有涨停基因的小市值紫金银行底部已出现，目前月线金叉，趋势处于上升通道，布局建仓时机，未来可期，正在酝酿大行情，全面注册制后银行股也会有20cm大长腿,0
就是来搞笑的，乐死了,1
啪啪啪,0
近期之江生物实际发生股东增减持31次，累计减持3001.97万股，占流通股比24.22%。,0
365个板 板一年，过年休市7天，开市接着板一年,0
亏了几万块卖飞，哎,0
谢谢,0
你已在警察监控范围之内！随时捉你,0
20时候建的仓，12时候割了留了100股，现在回头看看，还是比较明智，可惜没有全割掉,0
出门左转，不送,0
第二家加油,0
你为什么可以发语音,0
参与个毛，不到8个板估计都不会开板，怎么参与？,0
真是弱啊,0
兄弟我和你一模一样7.25卖的，肠子都青了,0
25见了，不震荡狠点谁能交出筹码,0
有藏獒的股全天在水下,0
是的，这东西是不是活不活的？,0
我赞同博主的看法，看季线和年线就知道应该在什么价位，短线震荡完了就是向上干，业绩也有保障，不要纯粹的炒概念，看看浙江建设的走势，就因为业绩优秀所以主力玩命做多,0
可以入手了<br />,0
炒股那么久了，你还信这？真合并还会给你买入的机会？,0
焦煤又又涨了…,0
想得有点多[龇牙]8,0
关注着点，这个封单有多小[捂脸]18,0
总想自己的票上涨啊,0
对的起码3个点的面,0
25分的时候就是它砸的，五千多万基本走完了,0
咋样，我说的准吧,0
吸个粑粑！出货,0
这段时间没少涨，跌一跌也正常,0
忽悠，继续忽悠,1
打板的人，都是传奇人物,0
马上就st了，不知道你的心态怎么这么好！！,0
我也第一涨停前走的，唉,0
什么叫做 价值 投资,0
龙津医药要涨啦,0
然并卵,1
能五板就烧高香了！,0
你要有信心，缩量调整洗盘，3-9天，下支撑位7.5，破了就要二次打底,0
会是什么样,0
九十九句真话最后一个假话，忽悠人嘛,0
快点进来吧,0
假的,0
有希望,0
农业，数字货币两会热点,0
想啥呢,0
科技兴国，不是ETF兴国,0
今天上十个点呢,0
我的给你，一会我跑。,0
大数据说白了就是个机房。概念太老了。还是数字货币感觉概念长久。,0
想多了吧,0
搞不好又一波大行情猜测,0
别吹了，吹多打脸,1
快加，慢了损失几个y,0
20日线是多少？,0
败诉股价也涨,0
最多三个,0
以后也是,0
这是牛逼大了,0
你是纯正血统韭菜，一个人唱独角戏,0
我也觉得，还没开盘就上去了，有套了一波。,0
没有办法了。这股票本来就是割韭菜的,0
亏了12.7个w,0
连股权结构都没搞清就想股市弄钱，难呐,0
股龄,0
老师说满仓干它,0
理你给你脸了,1
股权没关系。但上市公司是否向国台买酒？是否存在利益输送？,0
公司不送找你要？！！,0
我们散户只有中国移动。这种标榜烂股才派到中签。。能大涨的新股一年都中不到,0
进了吗,0
人才啊[棒]27,0
可惜打开了，不是好事情。,0
军工跌的时候，这瓜娃子票就是军工股了,0
这垃圾桶谁,1
故事很精彩啊,0
明天能不能再指导一下,0
认同[棒]27[棒]27,0
你是对的,0
就因为他在金刚才这样！他走金刚就有新血液进来，才有大好前景！,0
既然走了今天就别回来发几十条胡说了,0
送外卖赚钱不容易，这么冷的天,1
这种高位股，基本就是利好出货，市值六百多亿接个小单子不算利好，是属于忽悠型利好，所以出货是立即做的,0
直接低开套人,0
没下5.75，设置低了,0
牛哥麻烦关注我一下，想和聊聊，学习学习，,0
股价不涨，业绩100亿，也没用,0
多空都慌,0
我脑子不好使，说的明白一点不行吗？就像没有说的一样,1
微创的手术机器人出来了吗？<br />,0
山雨欲来都有雷[笑]1,0
今天能涨,0
一起融券做空，短期看到腰斩,0
涨停没戏,0
天天喊，有毛病吧,1
布局暴跌对吧<br />,0
在哪里直播呢[龇牙]8,1
朋友，经验不足导致，慢慢来，他日重新赚他,0
起床了,0
他没真玩艺，所有概念都是忽悠，一叫针就别茄子了 。,1
你没听说过大雨也会影响收成吗,0
哈哈，烟台人吗。,0
要是能涨停，上周五借着东风早就涨停了,0
做个人把,1
完了，你说拉升必下跌,0
自己看能力持有和不持有，想那么多干嘛??,0
梦里[龇牙]8,1
你还在幻想！你不割肉，本月会全部亏光！,0
必跌。,0
我居然看完了[捂脸]18,0
狼来了的故事告诉我们即便是同样的操作，该信还是要信的，不然万一是真的狼来了（拉升），孩子就没有了（提前抛了）。,0
你在里面吗？,1
板块最差,0
我也是全仓2.15进的，13.26，妈的，扛了一个礼拜了，看好,0
关注等着看你内裤输光出来。,0
他转型成功了，估计你也不知道跑哪去了,0
吃独食玩的人就少。获利盘清不干净,0
高低位对倒对倒控盘，,0
涨50个点也没用,0
可能不给机会上车,0
高开诱多有坑,0
千亿利润的海控看看,0
吸地板吧[可爱]2,0
别说3个点，1个点都没有[委屈]6,0
今天就破】、,0
补仓吧，今年会到7.31,0
你不在这里喷，谁有病鸟你。你这里喷子太多了，亏点唧唧歪歪,1
你倒是吃菜呀，别光顾着喝[龇牙]8,0
我希望这周都别开门,0
跌停超底再挣20%,0
2022最大的笑话,0
不要玩短线，财不入急门，长线慢慢来,0
昨天也有人说利好，结果今天这鸟样,1
冲跌停了要,0
来看看,0
几个菜啊  喝成这样,1
太热了咯<br />从最近3年的年度表现来看，2020年是以“两瓶酒”为代表的大消费表演的一年。2021年是以宁德时代为代表的新能源表现的一年。显而易见三大板块中主要的两大板块在过去两年里都轮番表演过了。水皮想现在无论如何，即便从保守的角度来讲，如果有结构性机会，也只可能是大金融板块。大盘指数已经走坏，注定今年是震荡调整行情，高估值版块风险加大，主力资金调仓换股到低估值滞涨的银行金融版块，江浙地区的银行受益于当地经济发展，发展空间巨大，具有涨停基因的小市值紫金银行底部已出现，目前月线金叉，趋势处于上升通道，布局建仓时机，未来可期，正在酝酿大行情，全面注册制后银行股也会有20cm大长腿,0
正股撤单了转债就凉了,0
[吐血]11还要跌 如果大家都觉得好的时候就不可能拉 看换手率就知道 主力吸不够筹码,0
买这股拿长期主要博字节上市，元宇宙和数字经济发展快现在，字节如果重新有上市新闻一出百分百买不到,0
涨停,0
认真的吗？ 被这货bi的绝望了 哈哈哈哈,1
这股套人,0
我当时还看了一下市盈率只有10，还说这股可以长期拿，还是没拿住,0
还行吧，华鑫也不是一家独大，看看分时承接好的话应该可以入,0
也可能是因为我昨天买了,0
我也是，哭死了,0
用你的水平证明给我看  我就用记录打你脸,1
10个以上坐稳扶好,0
宁波建工是要出货吗,0
会绿,0
大概率摸一下就砸,0
韭菜[笑哭][色]4[色]4[色]4,0
赶快跑，尿性太强，每次都是,0
可能是 大量用的是 中科院自己研制的 几十里米那种芯片,0
发行股份购买资产，募集配套资金。募集的资金是用来补充流动性等的，不是买资产的，买资产的是发行股份交换的,0
有本事再加啊,0
6块钱上面一大堆套牢盘，没人割肉庄家不会拉，庄家不是慈善家,0
啥也不是少赚了二十个点平了,0
上啊,0
。。。六年经验哪来的,0
唱多十几二十天了，股价涨2分。细品[笑]1,0
今天再涨10个点，雅本化学就会关到小黑房子里。,0
地板？,0
那我得抓紧跑<br />,0
儿子，你判断的不算错呢，啥时候入场,0
可能性很大<br />,0
应该是跑不跑的问题吧,0
不可能，这股性不会，应该会慢慢上,0
该跑了,0
难道这消息是个特大利好[笑哭],0
这周都是一字板了兄弟 让我嗨起来,0
多,0
座稳了，开始启动了,0
各人走远点,0
我裂开,0
第一次这么多人点赞，呜呜呜呜呜呜呜[笑哭],0
多琢磨琢磨再来炒股吧,0
又不龙头股，打板不可能的,0
涨停，哈哈,0
听君一席话，砸锅卖铁去加仓,0
便宜买不到了,0
低开了,0
不会吧,0
你好，什么时候买天能股份合适呢？谢谢,0
我竟然全部看完了。。。,0
消息有没有用另算，关键正常的股票会加一个数据中心的概念，但是中原证券硬是没有加,0
等下你就知道惨了,1
有,0
全是国资队，你有本事就去,0
21块成本<br />,0
红色的大跌,0
对的，追空的绝逼被套，有利润就要跑，一跌就拉，拿不了空单,0
准备飞,0
是多了个土壤修复概念,0
四十多亿了,0
向下涨停吗？,1
看看股龄就知道是个托,0
打脸不，以后少出来带节奏,1
一日游了。,0
我今天就卖了，你个接盘侠，慌的一逼,1
你这个托真low，除了忽悠，就是骂人，从不正面回答年前上十块，简直懒得回你,1
你仓位都没有别在这高谈阔论了！XBB,1
肯定得落下来,0
别只顾着喝，好歹也吃颗花生米,0
你好好数,0
以为这是蔬菜瓜果呀。晚了就没了,0
反而跌呢。作何解释。,0
这货有拉升潜质,0
从哪里下载的？感觉制作的怎么样？我从安卓应用宝没找到。谢谢了,0
东数西算刚火起来，应该可以来几天,0
耐心等待，想飞先消化了压力位[狗]28,0
有的<br />,0
不要太自信，低调点安全。,0
好大个烟锅巴踩不熄,0
那是头部券商,0
核废水喝多了吧？整天胡言乱语的，做人要厚道，别买了就一直唱多，想要便宜筹码就一味唱空。,0
今天一字板跌停开盘，散户割肉没机会了。,0
[笑]1这都能买到？,0
根据你这个托反向操作即可[努力]26,0
明天肯定看美股情况  低开是肯定会低开的吧,0
居然跑脱了,0
你赶紧卖，我来接,0
九安涨停，接着龙津医药要涨啦,0
哈哈哈,0
你说的对，边缘化了这票,0
我也有，5块卖你，微信聊,0
庄都跑了，砸散户,0
没交易量当然没卖点,0
马上就像金种子一样了，懂的都懂,0
牛逼等到10元才卖,0
补缺口,0
吹牛,0
除了人气不够 缺个利好公告 其他都很OK<br />,0
不要认怂呀,0
看来还要跌,0
什么原因啊,0
10块钱卖给你要不，也就7000股，祝你赚多点,0
起码套进了一个军,0
你不会收了庄家的那啥吧 这么激动  反正我是不看好的88咯你哦,0
全球人民来对付多头,0
然后呢,0
龙建在想死,0
那老大你什么时候拉呢？,0
不懂要表达啥,1
此话何解？难道你认为它可以大涨吗？有转债的股票不会上涨的。,0
这和汉缆有一毛钱关系,1
抓紧跑,0
有个鬼,1
我就怕高开?? 高开3个点以内还好  高开多了 就怕出货了,0
能,0
这个位置找接盘？？？,0
好,0
确实,0
字多最牛,0
完蛋了，今天早盘买的逃不出去，两天涨幅超过30%，今天晚上肯定出停牌公告。。。,0
都快把公司买下来了,0
刚才有50亿的封单,0
等你,0
今天吃肉,0
这个老板就是龙利德的老板[捂脸]18,0
这货今天咋了,0
以前一天就翻倍,0
6快6的本兄弟加油,0
醒醒  天亮了,0
就你这么高调的人就坏事的啦。,0
人才，改行吧！,0
你炒这么久了，还看不明白么，如果没赚几个钱，就好好给我看看我说的，我炒股就没亏过，我比你硬,1
从哪看的，兄弟,0
还得跌,0
有些大V患的是无良症，天生的,1
我也是硬吃了10个跌停亏了6位数[捂脸]18,0
早盘受周末消息面玻璃现货出货不畅而排斥高价纯碱。看下午2.16分玻璃降价幅度纯碱2800选择方向,0
垃圾股上天,0
那你的股龄怎么才一年,0
你10倍吗,0
我也想不出下跌的理由，所以持有等翻仓。,0
懂哥你真懂啊，,1
不涨怎么着,1
5个20厘米还不满足吗？天天给你20厘米好吗？,0
这股没有第二波,0
低位利空，你想想,1
恐怕没机会,0
利空出尽就是利好！这股我看好它,0
你慢慢吃吧,0
放心，钱是自己的，自己看好买入悄悄挣大钱就行.天天喊来喊去的居心就有问题了。,0
跌停板,0
你太有才了,0
对，我也是准备今天跑,0
他做梦得来的,1
白方哈，今天会下跌，意思让你别慌??,0
不会吧！？！？！？！,0
想都别想,0
好像你水平很高似的，即使是今天反弹一点后天还会跌的，现在在半山腰了,0
你是西昌的？,0
你可能进来不到。,0
中国股市你不懂[捂脸]18,0
有机会红盘的，不要急[可爱]2,0
美豆油不开盘，国内随心所欲,0
你看看诚达第一天涨多少再说,0
这话说的没毛病，等今晚公告吧,0
？？？,0
牛哥发现今天抛盘多，赶紧发个看多信息让小散抬轿[狗]28[狗]28[狗]28[狗]28[狗]28,0
你是不是傻  买进啊,0
不然怎么能叫庄家呢？,0
我也是，脑袋抽抽了,0
你说的涨停结果大跌，真打脸,1
这么厉害,0
是个拖？,0
鸡汤来喽,0
什么利好？,0
我上周五出了一半t不回来了,0
哈哈哈哈哈哈哈哈哈哈哈哈，笑出了眼泪。看到你这样，我心里面舒服多了。,1
今年必到9.6元，拭目以待,0
44.6亿，厉害,0
别的垃圾，这个是垃圾中的垃圾,1
进不去就不愿我了，我吃一口就行,0
哈哈,0
提保大跌,0
在理[棒]27,0
250万手,0
那家主力吃饱了，开板就是出货时[龇牙]8,0
有梦好啊,1
坐等收钱??,0
怎么也得来个18板[色]4,0
巴比Q了吧,0
你不是拖就是想寻开心，创业板不可能一字连，一个不得了,0
原油呢,0
夏老师说要加仓5成。,0
要等,0
格局大点，821,0
自己多买点,0
不可能跌停，主力在秀肌肉，能让你跌停买入的股票必有大雷[龇牙]8,0
你特么说这么多随便都能说中几个,1
美疫情回落快定单会变少业绩无后序天暖加速病退。,0
他没装。,0
懂得都懂,0
中信一开口，必跌,0
大单买入是负,0
你疯了吧,1
真敬业，，，说得让我忘记了刚暴跌的痛苦，说得让我有种有5连板的期待[锦鲤]21[锦鲤]21[锦鲤]21,0
2022年2月18日中元股份集合竞价无明显异动，竞价涨幅为-0.83%，竞价成交价为7.15元，成交量为3.84万股，成交额为27.46万元，未成交量为-1900.00股，未成交额为-1.36万元,0
跌到65以后疯狂反弹,0
这是个四不像，数字货币没有，东数西送没有，电子元件没有，大数据没有[痛苦]3[痛苦]3,0
不止，应该160左右,0
冬奥会从开幕到现在，他股价一直跌的[捂脸]18[捂脸]18[捂脸]18,0
开盘就卖，今天大跌,0
今天大盘怎么那么差啊不然上午收盘就涨停了,0
东数西算本质上就是基建,0
根据研究机构预测结果，赣锋锂业近6个月的平均目标价为200.50元。,0
天灵灵，地灵灵，涨一分钱行不行……,0
套傻了？,0
涨起来就不给你机会了，割肉就慢慢的割，不碰它了。,0
错了你赔？,0
早破了,0
长毛线差不多，啥概念都没用,0
形态不错,0
西酒东喝,0
我也是被止损了,0
股票不涨，没用,0
十倍大牛，非他莫属，别紧张,0
我的显示亏了16,0
高开就泡粑,0
老师要是这么流弊还有功夫搭理你？,0
我就是空,0
你懂个鸟,1
此贴中性，只是冒个泡泡证明欧还在[龇牙]8[龇牙]8[龇牙]8[龇牙]8[龇牙]8[龇牙]8[龇牙]8[龇牙]8,0
有19元的价位吗？,0
估计是不是 没散户了,0
别给红日写文章有个毛用电话集集号$红日药业(300026)$ 牛鬼蛇神热点不是中药不是红日药业你们 全部给了以岭药业，数字东送西化亚运会，牛鬼蛇神要不要告倒红日药业最差董秘呀？老贴们要告点赞关注律师免费打赢官司保护投资者，让红日药业曝光内幕交易让红日药业破产哈哈哈哈服不服不服不行,0
[龇牙]8非常期待,0
天花板吧,0
涨也是出货、跌也是出货！天天平走才好呀[黑人问号]20,0
我给我开1亿倍,0
已经取消会晤了,0
建议持续关注投资7亿原料药基地，龙头老大，向日葵??的动向，严防踏空主升浪……,0
我是17块4抄底，本来想放一周回来看看的，现在一周过去了涨70%了,0
噗，笑死啦,0
厉害，,0
我想买,0
你看看 扇贝们已经开始推升股价了,0
不管利空利好，涨就是完美的。,0
谢谢复盘，不过感觉你写的很多不对。转债现在是情绪为主，你过去的分析现在不行了。,0
你这种二哈也炒股？,1
怎么可能了,0
拖股，不会跟着板块涨的,0
你去可以代表250家,0
你认真看了，今天是高开吗？,0
现在可以多嘛？,0
这三个买不进，黑牡丹换手龙，,0
也许等会飞起来。,0
好狗不咬人,1
上涨就做空,0
今天会涨,0
就你字多，看了我半个小时,0
喝多了吧,0
立马涨停,0
还有一分钟，看你表演,0
要停牌？？？,0
你想与人民为敌,1
葡萄酸,0
整天发这些有用吗？,1
人民的力量无敌,0
别自己安慰自己了,0
割了就涨了，都利空出尽了,0
预言家,1
有毛病,1
开尔新材，我有你这样的故事，你不涨就是一块锈铁，,0
开盘就大涨,0
别在那里丢人现眼了，万一打脸了，容易挨骂。,1
完了我也梦到了,0
买湘邮科技去吧,0
高开有坑,0
王多鱼附体吧,0
大神，能说一下40几吗？,0
别来咬我了，我没打疫苗，滚远点！,1
新闻满天飞了，出不出公告结果都一样,0
想多了,0
开盘涨停，紧张就变兴奋了,0
雅培上新闻了<br />,0
不错很精彩，我信了[狗]28[狗]28,0
应该去正泰门口啪啪啪,0
早知道跟你一起跑了,0
18嫌买早了点。,0
买不进,0
信息注明出处,0
昨天问了，说是8：25挂单是有效挂单,0
感谢您对社区工作的支持以及创作的优质内容，我们已对您的帖子进行推荐，将会获得更多曝光！,0
唱多滚啊,1
多,0
给是要涨停的节奏呀？,0
打脸不，韭菜,1
2001做多30手，2067已止盈,0
今天跌20个点吧,0
放心持有,0
投行的成本太低  原始股一元  就像软银投资阿里  玩不过投行啊,0
以后我就是颜粉了,0
上车吃面嘛？,0
人家是国企，这个是民企，能一样么？<br />,0
没杀到五个点你补啊？,0
专业坑人的？,1
听君一席话，如听一席话。,0
20cm的大阴棒等着你们！,0
反正全仓进的不看了,0
真这么好，就表现一下,0
醒醒，该上班了,1
呼叫万手哥买入游资机构买入赵老哥买入，雅本化学都涨停板了,0
这个小丑太可恶，上蹿下跳恶心人。,1
今天一字板跌停开盘，你想割肉都没有机会。,0
不砸就算他有良心了,0
金发科技金风科技咋样,0
不扛着还好,0
每天都有被逼疯的,1
发行价都是19.95，19的成本哪里来的,0
杀     王   意,0
军工黄金,0
能拿住三年筹码的已经不容易啊,0
想在国内卖很简单，但是现在国外都忙不过来，先赚外汇为主，国外疫情越来越严重，而且还放开了，自己测试的试剂后面大量需求，至少到明年都是需求量很大，就算特效药出来，还是要要先确诊是不是新冠，不能乱吃药，去医院很麻烦都是自己测试，然后服药过程中在测试，症状没有了，再测试，所以只是一个长期的消耗品，持续看好九安。,0
老师要是这么流弊还有功夫搭理你？,0
无利不起早，你是有多想进进去抢筹码，顺其发展就好，非你所得莫强求！,1
感谢主力让我赚大钱,0
所以你赶快走，为了大家的幸福,0
太幼稚了，全网发行，看市盈市净180--222,0
亏了8万五千元,0
有病,1
涨起来了涨起来了,0
有向上涨停板，但防可能下跌回调[龇牙]8,0
写这么多，分析的这么透彻，今天不涨停板都对不起你。,0
[龇牙]8[龇牙]8[龇牙]8[龇牙]8[龇牙]8,0
年轻气盛的2月股龄,0
氧本化学是啥,0
一看就是娘门做的,1
梁静茹给的,0
中天挂不出去卖不掉了,0
亏不死你了还,0
快来看，有人在吹牛,0
懂了 重仓<br />,0
好人，好心，好文，必有好报。,0
双顶,0
不看好你可以卖了 这个也没什么 看好哪个去买那个,0
你还是算了吧，自己看看前面写了些什么文章,0
你说得在理，,0
你个自恋狂，你个韭菜盒子,1
"股友:你是做长线的，心态好?这最重要?小年青最缺的就是这一点:""急功近利″，往往那怕在大底部买了具备经营性价值投资股，也拿不住，甚至还割肉出局?之后此股成为了长期的大牛股?本人看好此股今后的广阔前景，本人有113900股底仓，虽然持股价格比您低，本人还盈利，但这底仓准备长期投资，当中有机会做些丅就做做丅。我当您良好的心态点赞?这就是正确投资理念中重要的素质必须具备的一方面。",0
还真不信，你还真以为自己是股神了,0
有毛病,1
谢谢庄家提醒，已经清仓,0
破股没搞头走了,0
一本正经的胡说八道,0
必须翻两倍,0
君实时药不行！,0
2.5结单。本周,0
哪说的啊？,1
确实是看不懂，赚不了这个钱，空仓好了。,0
球球你多动动脑子吧,1
地板,0
我靠你去评评别的行不行？自从我炒股以来只要你在评论区评论过涨的都是跌，你看空的都会涨。,0
小散的眼泪,0
亏不亏不好说，这股的线很好看,0
18.5入手已经亏了8000多[流泪]7,0
看看他的评论，早就买上了，忽悠接盘的呢！,1
中信的研报最坑人,0
那最高11.8是怎么上去的？第一次碰到，想不通。,0
这不你不是人吗？你在理我唉,1
17块多都没搁[流泪]7,0
封单太少了,0
昨天那个sb战法的是你师傅吗？真是青出于蓝而胜于蓝,1
貌似大数据与他无关。看大数据涨什么样了,0
高开低走老套路啊,0
卖开10份1仓他就会涨了，不卖就等着回落吧，一场欢喜一场空,0
看这周，涨的话就有,0
我星期五人10000股,0
今天又要套人了,0
看玩后，我哈哈大笑。太开心了，我决定就买它！,0
别想太多,0
[骂]16听你的卖了一部分，结果涨上去了,0
买不到,0
看来真吃土了！[捂脸]18,0
现在给你个删帖的机会,0
西藏做t跌停买减少周五买进的成本，一会再拉起来卖。,0
你太有才了,0
你不怕今天买入就很快st吗,0
我怎么中签1000股,0
低价再收回，等涨了再减持呗！,0
你真有钱,0
你有病吧？这个股票你在那里能看到翻倍,1
没进去的准备票被套，在里面的准备ST割肉,0
不来，我清了，看戏,0
走错片场了,0
坐等199！！！,0
我提前割肉了[可爱]2[可爱]2[可爱]2,0
周五卖了点  尾盘买回去了 只留了点之前补仓的,0
七年韭菜,0
我也看完了。,0
翻倍才解套,0
成本这么低还急什么，我都20以上,0
怎么老忽悠人？,1
哈哈，就怕到时候我的十几万股旗滨还在，你的几百股已经跑完了，那就很讽刺咯,0
太专业了[棒]27,0
马上开始跌[可爱]2,0
京东方在技术上取得突破，从被动引进到消化吸收，再到二次开发，已经到了一定水平，盈利才开始，后面一定会大量增加，以前投资的两千亿五年可以赚回来，一般的面板厂家估计会被挤垮，未来LG等面板厂可能会倒台，就三星和京东方,0
你自己亏钱能别误导别人吗,0
呵呵，老板富得流油。你不要亏了股票钱就在这里帮美团讲话。没有不骂美团的除了你们这些买美团股票的韭菜,1
换股,0
低开是好事呀,0
有病,1
浙江永强投资九次方大数据，这个九次方很牛逼，妥妥的东数西算，天眼查可以看。,0
明白了，谢谢,0
三十年前的事，你去查吧,0
[吃瓜]15[吃瓜]15[吃瓜]15[吃瓜]15保持吃瓜看戏状态！,0
又一个国际吹天,0
今天终于抛了，这个股不能在碰了，还好没赔，挣了几万[龇牙]8,0
雷能雷能，兄弟悠着点！别点火??,0
说反了吧  开会都是跌,0
继续放着[笑哭],0
请教老师，实盘2018的空如何操作，谢谢了。,0
什么意思？！？！,0
低开高走,0
高兴个毛，这么大盘子，怎么可能这么点单子涨停,0
出去6个多亿了。要拉2个亿就回来了。小心,0
今天给你们架杆子，明天来看你们大家就被挂上了。,0
亏50多个点还在7.7的本，守了快二年了。,0
200块不行吗,0
胡说八道什么,0
你自己不看看，人家都快跑完了，你还在这里意淫,0
那是不可能的呵呵呵,0
黄金销售额377亿,0
我也看完了，但愿盈方微能重新上市,0
两年韭菜天天胡说八道，不看好就爬,1
大东家，不要太激动！只是做报表而已！公司究竞如何做财务报表，如何回报二级市场的投资者，凭公司的良心了。天知、地知、你我不知？,0
赚了10个点走路<br /><br />,0
十四年，你说反话吧！,0
不会吧，我还想买入啊,0
正常，这对于我都是基本操作,0
今天大概率涨停，必然连版,0
国资委出手了,0
哈哈哈！看了你这个故事，不卖不卖了[笑哭],0
国台酒喝过，不比茅台差，性价比高。,0
有没有给我点赞的，期待变红,0
每天都希望被老师挽救,0
那必须<br />,0
不起床就不能干活了？,0
你要脸吗,1
嗯,0
算不算又怎样？反正在低位大胆买,0
今天不需要20,0
傻,0
高颜值,0
9:25之前的单都是可以撤回的,0
我们公司不存在裁员的情况,0
拜登要和普京见面，老道拉升了！,0
谢谢普及，亏赚其次，不买是种态度！,0
逆贼你盗我作品,1
我也挂了，睡觉,0
打脸不,0
发布虚假的信息是要负法律责任的丿,0
利好出货千万别来接盘，,0
补你??,0
目前有10万股民了，谁管抬轿？不振荡或下跌十天半个月谁敢拉升。脑子坏掉了。,1
不会！这票散户太多,0
又疯了N+1个,0
莫非你又是另一个穿马甲的宝宝？静待验证。,0
自信点，把“搞不好”去掉,0
怎么看19的成本19怎么看的,0
说的很有道理。,0
[可爱]2,0
你不消停，伊哥不涨。停更一天试下。大哥！,0
你就是昌,0
不懂别胡说，看主力大资金杀入，不出高价你别想买到,0
主力在进，,0
别急。在后面,0
我把自己套住不行么,0
反弹上去不就是给空的机会吗,0
还好我撤单果断,0
拿两年10000股已经做好准备打长久战,0
你能的,0
底仓2300股也在观望中,0
你是庄稼派来的托吗？,0
四千点才是起点,0
早呢，还没到底,0
一会说跌，一会说涨，不割你割谁,0
怎么样，准不准。,0
中信貌似从不玩虚的,0
门都焊死了,0
交流一下,0
今天终于杀进来了，等你的400了[色]4,0
准备清仓一半了,0
诱空，五日线都破不了，跌不下去,0
"多了亁照光电解公司发展扩大，和公司主要为一供应商，亮点就知道公司含“金量高”那么就有潜力也有投资价值。参考三安光电，雷曼光电。<hx_stock>stockName:创识科技,stockCode:300941,market:33</hx_stock> <hx_stock>stockName:机器人,stockCode:300024,market:33</hx_stock> <hx_stock>stockName:上海凯宝,stockCode:300039,market:33</hx_stock> <hx_at>userId:519864255,userName:本宫卿家</hx_at> <hx_topic>topicName:俄乌战争，股市迎战疯狂星期一？,topicCode:ToTpl1z</hx_topic>",0
人家别的股赚了,0
一月骨龄[龇牙]8,0
一样的本[捂脸]18,0
启动的前一天无意全仓买入[可爱]2,0
别再这里忽悠人,0
全仓干兄弟,0
兄弟打脸了吗？,1
又一个被广告忽悠了,1
潜龙在渊,0
哎呀 谁在打我的脸？哎呀？,1
开盘开在290，你跑不了？,0
是的 目标价20,0
我觉得，炒股还是需要有一定知识水平的，股市不是提款机，从来没人保证过新股上市一定要涨,0
360天了,0
天天忽悠！有毛意思,1
我周五割肉走了[流泪]7[流泪]7[流泪]7,0
[笑]1,0
兄弟，人家龙头都已经两个20厘米了[捂脸]18[捂脸]18[捂脸]18,0
注册制来了壳还有用吗？最主要的是背靠大树好乘凉,0
机构反向理论,0
全国人民来对付多头,0
老哥被五个月的婴儿忽悠了，,1
下一波东邪西毒,0
高度控盘股，上方没有套牢盘，只能一直拉，放量就可以走了,0
散户永远干不过主力,0
没毛病,0
你在做白日梦吗，无缘无故会跌停吗，缺货懂吗，你笑死我了，跌停的点在哪，在你脑子里,1
12.7再考虑，要不然不划算,0
预计今天跌3-4％收盘来发表意见,0
没有,0
流通十亿，估计翻倍时就要开板，留在山顶准备过年吗,0
你想多了吧，应该是跌回3.85,0
开多的散户不知道咋想的，明摆着主力往下砸，还想着抄底，真牛,0
有什么消息了吗,0
无论明天复不复牌，今晚必须出公告，做好准备吧!,0
买不进去,0
一辈子亏钱的命,1
牛哥  能不能预计下   这波  能到多少,0
我买进来了,0
豆子，降价了,0
被消化说明要涨啊，你不是前后矛盾吗,0
这是要涨停啊,0
也翻了好几倍as，怎么不停牌呢,0
等死躺板板,0
你是买不进去，酸酸的吧,0
别着急，手不要乱动，玩这股得看市场情绪,0
明天应该会确认底部,0
挂单16.6没买进去,0
高手[棒]27,0
不会，不出公告是因为涨跌幅都不大,0
放一两个月不看就不会被洗，现在天天压着不让涨，我也是基本全仓没输赢洗跑了,0
被三六零整疯了[龇牙]8,0
李永乐老师吗,0
上到二十二元会到的买吧,0
创业板不受限制,0
已经入手100000股，等涨钱,0
今天杀不了，这个主力只杀融资,0
厉害了，绿牛变红牛了！,0
都被坑走了[可爱]2,0
当年二十多买的它后来跌到十二把它割掉了 赔了小三万 我等它两三元钱时再出手争取把这耻辱踢掉,0
才发芽一年的韭菜,1
大大的有，看今天板板就知道了,0
痴心妄想,0
20个板,0
你大爷我看的很认真,1
外加工500吨中间体,0
求猫叔关注呀,0
正川中硼年产能不是30亿只嘛？,0
想卖就卖吧不要吱个声，你就像利欧的小燕子样,0
做梦,0
竟问些不得人心的话，闲的,1
[龇牙]8[龇牙]8[龇牙]8[笑哭][笑哭][笑哭][笑哭],0
上次停牌是合作方还没进场，没有吸筹,0
都没有东财转2，为啥你还能持有？,0
一直如此,0
草率了不是？,0
你懂的这么多，呵呵,0
脑子不好使,1
没有一字，抢不过东数西算的风头，尾盘进几亿有啥用,0
62块左右可以建仓,0
华鑫买了这么多只，买的都废?只要承接好华鑫就反向做多,0
刘老师也推荐买这只。,0
我也是啊,0
忽悠,1
真像做梦似的,0
残奥会后还有亚运，这年都不涨,0
大盘休市怎么没有公告出来？是不是在集合竞价？集合竞价的话不是15分之前吗？,0
那就是要跌了？,0
伙计白天，是大白天,0
有数据安全要求，CPU必须国产,0
你这人特么瞎扯蛋都是,1
和你一样，看了几次没进,0
算了 你别说 你说大家都心里慌,1
赶紧逃命！,0
这股完了，现在板块大涨，下午一跳，不跌才怪呢,1
两天<br />,0
这货真牛，原油暴跌，这货疯长,0
我给我开1亿倍,0
什么利好呢,0
老板把你后半年要离婚的事都算准了[捂脸]18,0
别提大妈了，都被提烂了！,0
桃腮粉面真美女，嘴巴最好看,0
人兄醒醒拉起来了！,0
假托单又开始出动了，哈哈，忽 悠 新来的接盘，哈哈，套 套路,1
别信他。我感觉这次要涨到七八块。最差的业绩已过去了。会越来越好。要扭亏为盈了。还有更大期待。合肥大投资还没见效益呢。可以拿着等等,0
河钢资源(000923)最新股东户数为4.48万户，根据2021三季报披露，户均持股1.68万股。,0
太牛逼了，板上出货,0
家里急等着钱[笑哭][笑哭][笑哭],0
几个菜喝成这样,0
查查查，一定要一查到底，给我们股名一个交代[加油]13[加油]13[加油]13,0
呵呵！,0
你提前看到年报了吗,0
拿手机应该可以看[笑]1,0
急上急下，苹果特点。而且低开往往会拉升。,0
太钢不锈(000825)今日上涨0.13%，股价7.46元，在短线支撑位6.40和短线压力位7.99中间附近，走势需要进一步观察。,0
我也不信,0
人才啊！,0
梦该醒了,0
十月怀胎，股龄10月，先生大才。我把书店砸了，就是因为没有买到你的书。,0
哥们笑死了，这个股，你两块多三块买了，六块卖，熟悉的配方，高位买了是不行的,0
你有多少股,0
7局木木木<br />从最近3年的年度表现来看，2020年是以“两瓶酒”为代表的大消费表演的一年。2021年是以宁德时代为代表的新能源表现的一年。显而易见三大板块中主要的两大板块在过去两年里都轮番表演过了。水皮想现在无论如何，即便从保守的角度来讲，如果有结构性机会，也只可能是大金融板块。大盘指数已经走坏，注定今年是震荡调整行情，高估值版块风险加大，主力资金调仓换股到低估值滞涨的银行金融版块，江浙地区的银行受益于当地经济发展，发展空间巨大，具有涨停基因的小市值紫金银行底部已出现，目前月线金叉，趋势处于上升通道，布局建仓时机，未来可期，正在酝酿大行情，全面注册制后银行股也会有20cm大长腿,0
居然看完了，愿来是个安慰[笑哭][笑哭][捂脸]18,0
不停涨，涨不停,0
如果真的几个板，今年就开门红了，有肉了,0
什么时候开？？？,0
集中度这么高你跟我说派发，带点脑子吧,1
浙江建投6层，恒宝两层做t，如果浙江断板，我出一半，恒宝强势上板我就加给恒宝,0
它是借着当年牛市上去的,0
你个托,1
我也是,0
看跌,0
信你昌。,0
又在这忽悠人接盘,1
有才,0
就是，每次大盘跌才来装逼,0
多吗,0
双头,0
快别提这个了，今天跌的最多的就是那三个券商龙头。,0
明白人,0
[龇牙]8,0
这个不触犯法律，人家提前公告里面写了，证监会也审核通过了,0
你踏空了吧？天天唱空有意义吗？,1
又是庄家的托，忽悠大家买进然后主力撤退,1
就怕鱼死了，网不破,1
大肖吗,0
这是垃圾！不用叫也是辣鸡,1
菜油太强了油强粕就弱,0
秘董：你董密吗？[龇牙]8,1
只是中标，没有实施吧,0
退下，中恒中恒霸气豪横,0
什么会期间都会跌,0
牛逼,0
首先??有两千万的资金[吃瓜]15[吃瓜]15,0
2022-08-22??????见,0
都大白菜??价格了还折腾什么??,0
就喜欢看你胡说八道！,1
我7.8的本，现在短期感觉看不到希望,0
大家小心了只要这位仁兄说让买了，可以做个反向指标,0
估计有点悬哦！,0
今天大a低开,0
掉了我就该满仓了,0
多琢磨琢磨再来炒股吧,0
因为提保更容易拉爆空头，机构又不怕没钱持仓,0
保本重于盈利,0
周五我2790空，今早加空，小赚，周五晚上抗到哭,0
两个一字板,0
[打脸]19[打脸]19[打脸]19[打脸]19[打脸]19,1
跌成这样，还不是有雷,0
都是烟幕弹，做好防御、,0
现在是上车的最好机会，下午大涨，明天涨停板来了。,0
已经不亏了，等再冲一波,0
今天跌五个点,0
我信了你的鬼出了,0
改个名字才行，杭州数据中心,0
耐心等待,0
"买这种龙头就是一种幸福，封单越来越多，众矢之的，特别踏实[c奸笑]"" src=""//i.thsi.cn/sns/circle/wapcircle/img2/discuss/emoji/n7[c奸笑]"" src=""//i.thsi.cn/sns/circle/wapcircle/img2/discuss/emoji/n7",0
赞赞赞[棒]27[棒]27,0
套傻了这个家伙[吃瓜]15,1
17.6成本23.36卖了，27.32接回来的这是一个有格局的股票[龇牙]8[龇牙]8,0
结果等于零,0
还能盈利20个点,0
宁波和贵州网路都赚一个涨停走的，哎，还是怕,0
牛丽霞是谁？,0
上次停牌是合作方还没进场，没有吸筹,0
此股内部肯定有问题 所以没人敢买  可能还有好多萝卜章 反正先跌就对了,0
我上周五入的,0
上周就要往下跌，硬是叫大盘拉回来，这周得补跌,0
我虽然满仓持有，但这牛逼吹的我上头,0
腾讯才是更吸血鬼，他才是中国最大的垄断。,0
你的想象力太丰富了[龇牙]8[龇牙]8[龇牙]8,0
你这样，你家人知道吗,1
[棒]27[棒]27[棒]27[龇牙]8,0
未来是哪天？我只看眼前，未来跟韭菜有一毛钱关系吗？,0
吓死胆小的[可爱]2,0
人民无敌,0
哈哈哈哈哈哈哈哈哈哈,0
臭嘴,1
往下也是竖,0
没有,0
走啦走啦，310，七个点,0
妈的缺我这1万股吗？,0
今天不出意外，大阳线,0
举例，老师推荐100个人，一百个股票。有50涨50跌，跌的对他失去信任，涨得就对他信任咯。然后再推荐50个不同股票，继续有25涨25跌，那剩下的25个人肯定对老师深信不疑了向赚的那些人拿佣金，亏的那些人关老师鸟事。,1
4.7涨停那天平价走的，5万股,0
想想就好,0
楼主那里来的信息,0
你这脑子的反应说明了什么你知道吗？幼稚！,1
天天发这些给小散干嘛，庄又不会看你发的,0
老师早上好[龇牙]8,0
低开直接秒破12一路跌停,0
长城啥都蹭，啥都一般，没有明显优势，这公司连电池都做,0
怎么找你？我需要解套,0
不是相来如此吗,0
真能瞎逼逼,1
必须能,0
葡萄酸吧,0
变成股东,0
做空吧,0
吸引一波眼球[可爱]2,0
买不到的,0
星期四开盘,0
能,0
金科今天一卖就进这个,0
刚好加仓[龇牙]8[龇牙]8[龇牙]8,0
那里来的消息？,0
走了，浪费时间,0
18元！咋可能嘛[捂脸]18[捂脸]18,0
今天没有直接开板，明天就阴线，,0
高点再下移，有点危险,0
两年就别说话了<br />,0
另找标的。,0
主要看主力，要涨的话，没关系也没事，不涨，有关系也没用,0
[狗]28,0
不用坐等打脸了，现在就可以打脸，,1
要起飞了。 有折价交易,0
合适的时间！适合自己的点位没有踩准！,0
涨条毛，现又跌了,0
白日做梦,0
可以买了,0
耐心！肯定要砸到没有人卖没有人买了才会拉的。,0
想想算了,0
是起飞了，今天涨停,0
会突破18的,0
我的￥11的成本都放了，大半年了，不知道什么时候才能才能回本。,0
你最少挂两个点卖啊,0
现在赶紧抛，尾盘接回来，今天会天地板,0
韭菜别说话,1
这公司在内蒙，尤其和林格尔，是当地很牛的企业。,0
机会应该有，就看你跟不跟！,0
说话过脑子？,1
打脸否？冒充懂，其实什么也不是！,1
是不是傻,0
物联网，云计算,0
你们这两个亏货嗓门心的脑袋真不正常哈哈不管，反正这股我赚了，你们爱说啥说啥，两个好大儿，真听话，哈哈让你俩亏我心里真高兴啊,1
股市永远是反人性的,0
祖师爷是哪个票我去看看,0
最好换游资强庄进场！,0
就说前期的涨跌多少人下车？机构本这么高，不会给口子的，这利好不直接上赶紧卖了吧,0
肯定是虫啊还用想吗？<br />,0
那你赶快卖掉走人,0
必须的涨停[可爱]2[可爱]2,0
周五大量散户跑步入场。。。,0
精薛！,0
知道打脸的滋味吗？？？！！！！！少胡言乱语！！？,0
今天挂单应该可以，价位这么高了，主力肯定会抛的！,0
又是一个骗子,1
今年,0
你字最多，给你点赞,0
不要怀疑，就是这样的，从当初精准下杀做定增价开始就是如此了,0
醒醒兄弟,0
涨停走了三分之一,0
那你还真是怕,0
仟源制药和它选错了！,0
杂毛没有买不到的，你多挂一会就买到了,0
[棒]27,0
今天绝对是一场腥风血雨哀嚎一片,0
好好炒股不行吗？非要预测来预测去，左右打脸，今天跌停了吗？,1
今天最低价就是明天最高点,0
这是内部人员才知道的信息,0
非通道大资金，不用想了,0
跌破38,0
国足牌海参？,0
你想卖就卖呗，估计正股买不到的可能会考虑转债，毕竟开盘50亿封单,0
别跟风,0
你说气不气我就4.2亏本卖了天疯，3.9进了国海。,0
七块钱脱帽时候卖了江特我说什么了吗？,0
你真当真？就算是真的，这个项目的收益翻一倍，那又如何？别忘了，这是二级市场，和一级市场的投融资完全是两码事[笑哭]，他说主力亏损2个亿，你有没有想过。。所谓的主力，在一级市场的时候，获得的成本可能是几块钱。。,0
肯定是砸盘，然后拉升[可爱]2,0
少说点，不怕打脸？,1
42.88的本怎么抛,0
来吧等你,0
高兴的太早了啊,1
查重百分百,1
你上了  我们在上,0
次新加专用设备，明天要竞争最高板了，它够呛，,0
咋让人担心呢,0
恐惧,0
推荐的时候先减仓肯定没毛病,0
还没走吗？,0
还有个亚运会概念呢。,0
五月合约，啥时候空都能赚钱,0
未卜先知啊,0
哈哈哈真幽默,0
复制粘贴最后改几个字[吃瓜]15,0
股龄三年可能亏傻了..,0
就这种谁搞谁死,0
我去今天加仓了。别绿啊！,0
医疗产品没有主动买的，需要推广，需要时间，正常能赚，起码是一年后,0
我出两手,0
最多是四块,0
我信一回,0
谁把卷拿来融的，,0
不知道为什么，每天都在大量出货，拉散户抬轿子,0
强赎也是130，应该买入正股,0
项目投资方本来就是万朗瓷塑，只不过项目还没落地，所以玩短线没必要抱太大希望有反弹赶紧跑，长线的拿着没问题,0
这股要退市了，大家做好思想准备,0
中信证券从来都是反向操作的啊，中信唱多还敢买？,0
吓我一大跳！,0
不知它是运什么的,1
今天数据中心，云计算这些都大涨,0
相信你不会吃的[棒]27[棒]27,1
照现在这走势开盘就破了[捂脸]18,0
我也在等呢，我到6.8，很快的，现在俄罗斯乌克兰局势不稳,0
还在睡啊,0
哈哈,0
暴升必有暴跌，棕榈油欠小散们一个跌停哈，等。。。,0
你是顶嘴公司的吗？,1
不会退市的，有悦河项目，跟上节奏,0
已经截图网警，等着吧,0
为什么[发呆]10,0
小庄也没赚钱，大家耗着吧,0
我也是七元的时候走了一部分，后来又抓回来了，主要是他不断破新高，新高在哪里不知道，反正坐船走吧，,0
是不是今天出利好但是你一出来就跌,0
绝对的退市,0
吃不着葡萄心理[捂脸]18[捂脸]18[捂脸]18[捂脸]18,1
一个月的骨龄，搞笑那,1
放心，还不到发动时间！,0
厉害了。就你一个人昨天能买卖[棒]27,0
这他妈想象力丰富，继续编,1
等着呗<br />割啥肉<br />坚持<br />坚持,0
下周还是会这句话,0
西部从贵州开始，业绩反转，正牌受益股！！,0
盘中次主力出去吃饭了[龇牙]8[龇牙]8[龇牙]8[龇牙]8,0
瀑布壮观是因为他一泻千里,0
刚才后悔设卖,0
有人抄底吗,0
在宁波建工年前就是弟弟,0
今天大跌8个点,0
曾老师说今天梭哈,0
说明你是股神，你赶紧买。,0
上周还说连续跌到60日线，天天唱空，那理论一套一套的，劝别人割肉，笑死了[棒]27,0
十四块7买的,0
又是被融卷砸盘，真的牛逼了,0
咱国开始交易人家就下跌，然后我们跟着就要下跌，,0
喝假酒了吧,1
还有机会嘛,0
不会的。,0
有点害怕,0
我也是,0
周五买了4000块，涨停毫无意义,0
哪里看现货涨了？,1
兄弟们，这个晚期患者！你们多体谅一下,1
下午6800,0
机构故意在迷糊散户，减少挂单，就按收购的优质资产，股价翻2倍也不多,0
是这个道理。所以是炒运气。讲太多无用,0
庄股，见识了吗,0
还在涨不了,0
赚了1500跑了,0
对头,0
貌似没关系吧,0
看基金持股确实是大幅下降，不知道是不是有年报没披露的，截止到四月二十三发年报才能见分晓。,0
三个月，你也敢评论。,1
还是玻璃牛掰,0
好。,0
上影线之王岂是浪得虚名,0
啪啪啪  鸭[可爱]2,0
木有[笑]1,0
上w咯笑死,0
乖乖 人有多大胆地有多大产！,0
别出，等涨不动再出,0
又来忽悠人了,1
你真厉害 居然能在交行做短线,0
干嘛不说直接20,0
坚持住啊，老大，全靠你了,0
大白天的就做起了梦了！,0
是会涨还是落呢？,0
呵呵,1
让我们一起观察这位病人,1
哈哈,0
大阴就有！小散就是收割对象,0
也不是每个都废,0
猪还成长呢,0
今天会是什么情况,0
大涨在哪里,0
跑路吧，利好出货，中国股市一直在玩的游戏,0
猎杀时刻,0
有这个文采能力，干点影视编剧不香吗??如有票，祝你早日解套获利吧,0
我去报警,0
找斯,0
明显假北上,0
8.3的本,0
一字板涨停，吃独食，炸板率高，还有可能核你，骗筹码,0
赞赞赞赞,0
听君一席话 多打十年工,0
跟东财毛关系，不跌就不错了,0
疯了，这人疯了,1
想啥呢，榜一大哥是老赵，,0
不是所有的医药股都涨，你要说哪个股,0
为你激动不已666,0
牛逼,0
下午有你打脸的时候,1
别上车，感觉要套人,0
确实过分了，减仓差不多了来涨停,0
股评热闹[捂脸]18,0
上一万,0
你且等着去吧,0
洗干净了？,1
不会低了，直接追吧,0
套用下穷摇语录：他要的只是命，你要的是钱啊！[龇牙]8[捂脸]18,0
我有不卖,1
一路板上去,0
信你的裤衩都穿不上,0
想多了[笑哭],1
[痛苦]3[痛苦]3重仓了这玩意。。要不要跑路,0
这两年学会了些什么,1
咚咚宝今天在上汽集团股吧里叫人用钢管捅他。今天不会来了。,0
哥们吃点花生米,0
全仓？,0
可能今天就结束了，心疼牛哥，牛哥天天追涨杀跌，太累了,0
我估计有人看了你的分析又要出货了[吃瓜]15,0
节点都是计算好的，是为了后期继续减持争取时间，年报公布早，窗口期就早结束，窗口期不能减持,0
你是真害人,0
稳当才能走得长远,0
已挂好[龇牙]8,0
呵呵，还妇人之见，没文化就回家多读点书吧,1
丶,0
反复做这个。还是看好。虽然今天稀土永磁资金流出不少。依然看好,0
哎呀，老哥，你又来了。,0
别听他忽悠了，如果有那么准的技术你会教别人吗？记住，选定了票后没技术就尽量少操作，我同事买的票刚买几天董事长犯事就暴跌45%，拿了整整一年反而赚了，新城控股。,1
滚远点，罗里吧嗦的,1
他敢么？,0
这是让牛给龚了，哪来的勇气,0
牛被你吹四了,1
是的，宁波建工已经奠定了龙头的位置,0
感觉不错9.25挂的10.6买进,0
我就是韭菜[可爱]2,0
没有正格的了,0
其实就是直播电商起来了。直播电商 不那么在意牌子。 可以去看看 每天前十销售数据,0
跌不动了,0
敢买吗,1
里程增加不多，但成本降的还可以,0
我??[捂脸]18[捂脸]18[捂脸]18[捂脸]18[捂脸]18[捂脸]18,0
看好璐安环能,0
今天刚出利好，周一涨停了,0
我看完了,0
上周五，看着涨停，没买，好气[捂脸]18,0
给你总结四个字：轻腚郎当，你这个岁数能看懂,0
38跌下来时为什么不说？,0
因为散户互踩，加游资未出完的那点尾数砸盘，这尿性，真特码逗,0
三花提供的只是热泵的部件，整个热泵部件市场占有率最多的是奥特佳,0
创业板的st股票涨跌幅跟不上st的是一样的，笨蛋,0
我38的本，怎么操作，上次没有补进去[流泪]7,0
这股过百不算高！！！,0
这不废话麽，要么涨、跌、停牌还有什么可能性？,0
真想看看你骂采纳的嘴脸,1
想看看你的持仓是有多少苹果多单？这么看好苹果,0
两天17个点，拉高出货，能有啥利好,0
恭喜过来吃面,0
机会是有的但得断条腿,1
再来一百,0
还有葵花牌钢丝球的，也叫擦锅球,0
机构拉高也需要散户跟的，要不机构要是自己拉的再高也没有意义，一出货就砸下来了,0
笑我疯，笑我狂只因低调不张扬…。,0
脸疼吗？还要脸吗？？,1
你再说一遍？,0
[锦鲤]21,0
中国平安(601318)最新股东户数为130.36万户，根据2021三季报披露，户均持股8310.00股。,0
我家电视TCL的，质量很好。,0
解禁价格相当低好吧,0
周五进了20万股,0
病的真不轻。作孽,1
你太像拜登了,0
真真的对不起手续费呀[捂脸]18,0
打脸了吧，你这个庄托,1
拿了三年多。现在亏百分之五十[流泪]7,0
谁说控盘高的，你不会看吗？要不要我教教你,0
资金不够，不然我就加码了，现在64左右建仓我觉得挺合适的[骂]16,0
九安医疗(002432)今日上涨10.00%，股价66.45元，继续上探短线压力位67.76。上探压力位一般表明短期趋势较强。,0
啥意思,0
两个涨停板了，你赚了,0
热景,0
你说会创新高的,0
哈哈，我也看完了,0
你好像有大病,1
没关系,0
过了个年，是不是脑子进水了？而且不是一般的进水！,1
看透不说透<br />,0
来回做T，本钱做到22,0
3000多只股票又涨了,0
打脸啦[吃瓜]15,0
13个点,0
猪没减持也在跌！,0
准备了1.3加仓干,0
要求屏蔽你,0
被炸板骗了2成仓位,0
才高八斗,0
冬奥会闭幕后，估计热点就都会转到俄乌危机上来了。,0
别问，问就是高空,0
快吃赶快吃！,1
买了它快崩溃了,0
牛丽霞说的对啊,0
落袋为安也是一种幸运？？[捂脸]18,0
真疼,1
股是好股，就是盘子太大了，轿子难抬,0
好好喝酒,0
长线的拿稳就是了！短线的不建议进，磨人,0
董秘:先确认一下自己是不是外包工，再来提问。,1
一字了,0
基金被动加仓？,0
低开，使劲加仓就完了,0
高开你快跑要跌停快快快快,0
你买多它马上跌,1
你不出，他不拉,0
别听他胡说八道，瞎忽悠,1
拿过妖股么？连着两个月都是100%获利的,0
别再瞎忽悠了,1
买不进去，浪费那么多资金干嘛,0
跟我一样啊！兄弟！年前一直没买,0
千手封单封上天天鹅要成群人要同心不到一百不卖！！！！！,0
神仙打架,1
买吧，玻璃年后涨了450元一顿，还要涨，信我的，南玻效益好的很,0
必须有,0
退市股,0
秀儿是你吗！人才！,0
万精油，板块多了总有可以跟跌的,0
哈哈哈哈你叫的凶，大呹，<br />感觉要升了。。。,1
兄弟，这么多年了，你亏了多少啊？,0
我也是，后来15块入又卖，19块又入到27跌晕，后来没放就做T，现在一2块成本,0
未来特斯拉,0
我在某个公众号早就看过了,0
这个说国资那个说游子  你买这个干啥,0
想多了,1
70年的人，本科学历很差吗？,0
他什么东西都不是,0
这个牛吹的好,0
冲突升级了，今天大盘凉凉。,0
骨龄3个月，天才啊！其实我也看好这只票。,0
已经委托跌停板卖出,0
给个定义，散户？多少叫散户,0
可以抄了,0
加仓加仓,0
菜鸡,0
牛哥所述非常专业且面面俱到，小散受益匪浅如拨云见日，若能获利，定拜谢！,0
这么多字  ……,0
它是逗你玩,0
带中的不要炒，这是制胜法宝。,0
一起出，今天再出,0
现在加仓还来得及,0
8.5路过[笑]1,0
你不割肉硬不起来[龇牙]8[龇牙]8[龇牙]8,0
我玩茅台的穷比，不要垃圾股。你没中签来这里丢啥人么。,1
病的不轻，得治,1
有个鬼机会,1
第二波企稳，慢牛开启。,0
我200万才买了20万怕个球，跌1元再买20万，以此类推，就算跌到2元也套不住我,0
一百多万的融券，有意思了。,0
什么时候面板不再跌了，股价就该涨了,0
今天直接按核按钮，唯有军工和黄金才是王道,0
还有个冬残奥运会,0
今天有可能跌停[捂脸]18,0
继续做多,0
做好自已吧，不看好就走，不用纠结，也别误导别人，现在股票谁也不知怎么回事，,0
吃地板，在地板上摩擦。全网都在一致看好东数西算，等着发套吧,0
一天天的乌鸦嘴,0
如何联系上你,0
？？？,0
你应该说看都不看一眼,0
拿到五月的怎么天天下来就开多，你是操作呢还是不操作呢,0
今天一定高开低走的,0
国家级政策  东数西算,0
什么意思,0
今天也搞8个点,0
我和你一样[捂脸]18,0
到底啥情况 每天跌,0
有些信息看看就好，确实有些事情是真的,0
关灯吃面,0
耐心持有,0
又炒傻一个[捂脸]18,0
明白人，他还停留在2015年的认知水平，真的不适合炒股哈。,1
心态不稳 不适合炒股 哥们儿,0
能翻红的,0
这个票太磨叽了，没有热点大资金不进来,0
涨停,0
必须满仓,0
没破4.2加仓干了,0
有病吧  给下一步下跌找个理由？,1
5元27000股拿两年会上20元,0
??????,0
还以为今天会大涨<br />,0
问题是当前没有资金看好啊，只要突破120日线，稳住就适合建仓了。,0
免费抗疫，公司亏损惨重，利空,0
top5头痛<br />从最近3年的年度表现来看，2020年是以“两瓶酒”为代表的大消费表演的一年。2021年是以宁德时代为代表的新能源表现的一年。显而易见三大板块中主要的两大板块在过去两年里都轮番表演过了。水皮想现在无论如何，即便从保守的角度来讲，如果有结构性机会，也只可能是大金融板块。大盘指数已经走坏，注定今年是震荡调整行情，高估值版块风险加大，主力资金调仓换股到低估值滞涨的银行金融版块，江浙地区的银行受益于当地经济发展，发展空间巨大，具有涨停基因的小市值紫金银行底部已出现，目前月线金叉，趋势处于上升通道，布局建仓时机，未来可期，正在酝酿大行情，全面注册制后银行股也会有20cm大长腿,0
你中了要是不弃股的话祝你买的股票天天炸雷开盘跌停[捂脸]18[捂脸]18,0
又打脸了？,1
记住强者恒强就对了  会有比较高的溢价  我看到20元,0
哈哈哈,0
我特么看完了,0
站稳8.9再说吧，,0
4年韭菜这都看不懂那没办法，就算要涨我也得走,0
套人的节奏,0
中午来个降价，政策的再次搭布，跌停都有可能，永远保本安全第一，不要反着来,0
看来是地板,0
深藏不露啊,0
我们一样，涨停前走的,0
19.11进的，来套我吧,0
多头在与老百姓作对，后果可想而知，主力会不会把你们卖了哈哈,0
字太多了兄弟<br /><br />没人看,0
谢谢,0
关键不涨停，跟雅本没有比,0
项目投资方本来就是万朗瓷塑，只不过项目还没落地，所以玩短线没必要抱太大希望有反弹赶紧跑，长线的拿着没问题,0
涨一天跌4天确实不凡[打脸]19,0
我2块08买进去的。我估计还有一个涨停，不知道对否？,0
这意思会一直涨下去？,0
炒股不能根据“希望”来判断。东数西算大热点在这，短期内不会跌的。而“希望”这就是属于情绪了，炒股要保持理智,0
周四快吸光了,0
购物积分,0
看看[流泪]7[流泪]7,0
拉高我又卖了，准备明天接回来，300w短线真的爽，你一出来拉高我就卖，低点又可以进来,0
你是不是有病啊？,1
猫叔又换号了？,0
古灵一年？,0
看了你说得，还是跑为上策吧！,0
跌停可能性较大,0
买入,0
庄家要跑了[龇牙]8,0
最低割的,0
收到，今天满仓了，谢谢,0
和中天有关系吗,0
四月底才能减！！！早着呢！！！,0
卖早了上心,0
有点问题，800多万资金进去了，竟然没涨停[发呆]10，留着明天继续冲吗,0
印标与中国没么关系。中国的化肥限制出口。,0
开盘有加仓机会现价买入就好,0
没有先手不给机会，算了,0
啪啪啪打脸不疼吗？,1
应该不买，全仓了,0
加啊，卖房往里干，敢不敢,0
我说的是反话,0
自娱自乐,0
心理安慰战法,0
开始了吗？,0
就象亏损几亿的股,0
多顶几个一字啊，加油。,0
国资控股怎么st,0
上海金融期货<br />,0
酸,0
不懂装懂,1
你不消停，伊哥不涨。停更一天试下。大哥！,0
一样，今天不敢接回,0
只要是不着急用钱建议别卖,0
硬科技，硬科技,0
你能拍进去？,0
兄弟大才啊，股市从来不缺段子[捂脸]18,0
老师推荐的股,0
兴盛旺成立于2021，双方及股东均没有医疗历史背景，业务相当于外包，双方合力将股价做高[龇牙]8,0
你赌对了,0
套傻了,0
这，是个憨憨吧。,1
好的,0
为什么股票跌了你这么高兴？,0
我上了,0
什么玩意，你有多少家底，玩得过资本家吗,0
好像概率不大,0
还有三个板，回本,0
一字板,0
嗯,0
你进啊,0
完蛋了，哎,0
没有吧？？,0
我怕错过整片森林了[捂脸]18,0
胡说八道，下周一打你脸,1
今天的老大,0
准备打脸,1
唱完了,0
就你知道的多,0
这样造谣，你吗吗知道吗,1
说了半天，错别字一大堆,0
建议可以改名了,0
你懂个茄子,1
理他们干嘛，坚定看好就行,0
39能不能卖出去,0
还会继续下的，25多应该,0
等一会，见11元。[龇牙]8,0
那你买呀，没买别逼逼,1
最近不如港股啊,0
明白了，谢谢,0
还没到，我还在等，到点直接买,0
你就是主力啊，我不扶墙了，就服你。,0
你个老六，我服了,1
绿到你发慌,0
不用你操心，七板高度。,0
哦了,0
中兴通讯就是一支垃圾股！,0
秀儿，今年看你的！,1
被韭菜耽搁的迪克牛仔,0
长的时候不下雨，收的时候下，这叫风不调，雨不顺啊。,0
12000见,0
哈哈，睡着了,0
这个股票，看着挺好，实际上它不适合你我，一天入30亿，都只是百分之几，只适合机构，基金持有，只供娱乐，说对勿怪[龇牙]8[龇牙]8[龇牙]8,0
9.15磨了三四次了……等突破,0
好的很[棒]27[棒]27[棒]27[棒]27[棒]27[棒]27,0
天啊！我16.6买的咋办？算是接盘侠吗？,0
哈哈，你说了算么？,0
4.18割肉的，哎,0
庄借势出货,0
啪啪啪打脸,1
兄弟，你家着火了，你爹妈都没出来，快回家看看吧。,1
不跌就算好了,0
突然上涨，直接让空头猝不及防,0
专和操盘手有钱，就可以弄乱市场，这就叫有钱就横。,0
完蛋了,0
他子公司是的,0
妖股谈技术？8个月股龄来瞎逼逼,1
重上60，激动，哈啊哈,0
这兄弟就这样，要是玻璃跌的稳，总会追上去的,0
别来忽悠人接盘了,0
人家  天天涨停，你在搞什么，市盈率等什么还没有你好，昏。,0
哈哈哈哈哈哈哈哈,0
你不就叫朱丽霞吗[打脸]19,0
都在等涨！那么问题来了：这么好的大盘股谁来抬轿.,0
左啪啪，又啪啪[打脸]19[打脸]19[打脸]19[打脸]19,1
正月过完有可能,0
来带节奏的吧，你,0
今年过年能回家就靠你了！,0
这股啥概念都有就是跟跌不跟涨,0
巴西大暴雨，大豆难收割,0
检测的人群有多大，治疗的人群才有多大，国外不可能来中国治疗吧,0
越讲得多，说明这票你越亏得多,1
宁波建工60178917 龙头从来都是大阳线而不是小气的一字板开，因为它有足够的心胸让大家共同参与，一致认可。,0
哈哈，天亮了<br />,0
吃涨停美,0
跌着呢,0
海大、通威感觉被冒犯！,0
不去写书扬名立万，在这当韭菜被割来割去？,1
是真爱了[棒]27,0
我他么砸不死你！,1
游资机构,0
花洒头<br />从最近3年的年度表现来看，2020年是以“两瓶酒”为代表的大消费表演的一年。2021年是以宁德时代为代表的新能源表现的一年。显而易见三大板块中主要的两大板块在过去两年里都轮番表演过了。水皮想现在无论如何，即便从保守的角度来讲，如果有结构性机会，也只可能是大金融板块。大盘指数已经走坏，注定今年是震荡调整行情，高估值版块风险加大，主力资金调仓换股到低估值滞涨的银行金融版块，江浙地区的银行受益于当地经济发展，发展空间巨大，具有涨停基因的小市值紫金银行底部已出现，目前月线金叉，趋势处于上升通道，布局建仓时机，未来可期，正在酝酿大行情，全面注册制后银行股也会有20cm大长腿,0
这样忽悠人，心安吗？,1
能胜过那个减持的娘们儿？,1
睁眼说瞎话吗,0
诶,0
今天晚上是炒韭菜还是打韭菜？还是煎韭菜？,0
大家分析分析这股票价格能不能过100[可爱]2,0
还没睡醒,0
《忽然脸肿》,1
利好出货，明朗了就会跌,0
粤海饲料可能去到60元以上，因为业绩好好，饲料涨价惊人，流通只有一忆，本大师也中500股，今天一早涨停排队买进100000股，等到60元以上才出货,0
现在这个的保荐机构都是大大的没良心,0
不属于[龇牙]8,1
又疯了一个,0
僵尸股,0
这里有三阳线买,0
江南第一才子,0
华润,0
卖了？肉疼不？,0
亏多少，急到则,0
牛哥 求你别分析了 再来三个涨停板我就出货 还不行吗 我不吃独食可以了吧,0
只要炒起来的股，不需要啥理由。先买为敬。沙钢应该还有几个涨停。,0
不懂投资的别瞎搞，丢脸,1
你要有本事就不在这评论了，非得装个比干啥,1
鱼死网破，看谁死,0
会变绿的,0
你想表达的是什么意思,0
高开低走可能性更大,0
还没到价位呢,0
22买的，都亏的裤衩都没了,0
标准的m。只有不理智的散户还冲进去,0
一个公司，请在天眼查看看，谢谢,0
涨停了,0
一字板,0
啪啪啪啪打脸了吧就问痛不痛,1
你是做药膳的嘛？,0
完了完了，疯一个,0
一个丢样,1
啥利好啊,0
"借走了[微笑]"" src=""//i.thsi.cn/images/ucenter/face/default/f16.gif"" />",0
涨停了,0
有钱人,0
沙钢呢,0
你说的是真心话还是装傻啊？要是真心话，你炒股连裤衩都剩不下！,1
底已现，持股待飞,0
你天天当托，你累不累啊,0
真的假的？<br />,0
明白人,0
看挂单阻力不大,0
董秘这个早都发了好多天了，就你自己知道？,0
你被人公关了？,0
这股我从他五六元钱看涨起来的,0
被骗了[流泪]7[流泪]7,0
买了买少了,0
还有没有希望下午拉起来啊，我116的本重仓想吐血<br />,0
及时止盈，这操作没问题啊！有啥好挖槽的！[龇牙]8我全仓在里面都没有挖槽,0
[可爱]2,0
能涨到八个点以上就追<br />,0
死字怎么写,1
怎么垃圾了 不想买就别买,1
你应该先问几点跌,0
牛????????股呗,0
"<hx_at>userId:324087395,userName:牛市涨哥</hx_at>",0
我告诉你，时空前段时间割包皮了，吃了不硬的药了，他现在不能抬头，不然的话线会被挣开的，哈哈,1
都套着，耐心持股！,0
强势股需要补缺口?不缺口了你敢买?,0
做梦也要有个限度,0
希望今天能跑,0
不怕不怕,0
这个也算是东数西算工程、智慧城市,0
我亏98%,0
8.5的都不慌,0
原来是只鸭子,1
哈哈[伤心]25[伤心]25,0
已经亏了十几个点了，可与此同时这几天别的都涨了3.40个点了，想哭<br />,0
风来了,0
确实那个家伙是反面指标[捂脸]18[捂脸]18,0
赶紧上,0
咋你……又疯了，你说这话你自己信吗？也就靠3HP题材拉升了，这个未知数主力不认账，股价也就匹配十一左右。,1
空头该爆的爆了，在爆就是多头了,0
已经被炒作的让人无语,0
听你这么说，你买了很多。只买了2手。是错！,0
抱歉，我错了，数跌停板,0
个股走势不代表大盘！等45分再看是我就走,0
姐姐爽不,0
拉萨犬进来了，明天大跌,0
只加仓天风,0
锦龙股份是什么券商？,0
已经开始了<br />,0
闷声发大财不好吗？???????????,0
你是李老师吧，哈哈,0
属于东倒西歪企业,0
什么公告？,0
国台酒和天士力没有关系<br />,0
这算力i3处理器的电脑都用不完，还是静等沾主力的光吧,0
我接了你的筹码,0
你说话得问问上还是下？,0
你看看流通盘子大多少,0
也不知道利润跟市值有什么关系！像君正集团四五十亿的利润市值才四百多个亿，真觉得没什么多大关系,0
没有格局,0
彻底完蛋,0
别做梦了<br />不是九安的货<br />不看新闻的吗,0
这个是新冠病毒治疗用的药物，而原来说的都是新冠疫苗用的，不一样，发展空间很大！,0
这机器人换了无数个名字，还在就基本无望[吃瓜]15,0
你行不行噢一周一次,0
大哥，我赚了一定给你发个红包,0
今天追高进的明天吃大面！,0
现在不是九元多么，七元是啥意思[糗]5,0
玻璃破2000可以关注1950,0
有胆有识有钱有量,0
只要你这乌鸦一张嘴，就没好事,0
厉害????,0
洗盘啊明显是,0
<br />默默的问一下你，洗头没？,0
没利好，我们能进吗？,0
锁链概念。,0
狗叫罢了,1
国际木材跌了,0
分歧很大,0
利好不过没到时间呢23号,0
打脸不，韭菜,1
走的太垃圾了,0
走了全清,0
非常感谢您的指导！再烦赐教：超华科技已亏56个点了，每次都觉得要止跌企稳了，还是一直跌跌不休。请问下一步趋势如何？多谢！,0
痴人说梦,0
亚太价格低的很，绝对赶九安,0
我准备8.5在买,0
加油，看好你哦，上万,0
看看是不是这样，这庄为了出货也是够拼的，什么样的的手段都用上了,0
人才啊编得真好,0
通过几个月的学习 发现股票就是熬,0
本川智能(300964)最新股东户数为1.47万户，根据2021三季报披露，户均持股1101.81股。,0
人才难得！我已匍匐了5年了,0
你买到了吗？,0
....,0
今天要冲击1920，本周达到1950，下周到2000,0
都是大卖单啊,0
受刺激了,0
做梦涨停,0
周五满仓买进，哈哈,0
还这么多人卖？？,0
真笑话,0
对半补仓就少亏了[可爱]2在长期拿着把主力盯死就完事了,0
这不是很正常吗,0
和我一起高呼:4.92！,0
输错代码了吧,0
今年有翻倍的潜力,0
关键你买不到，这才是山脚，我在里面只要开板就卖一般，目前重仓吃了54个点,0
你要吗，我这有两万股,0
你看太少了。破38都可能。,0
一模一样！！！！,0
把通信放开，让外国人来参与，它就能涨了,0
去拧螺丝吧 酸13,1
历史最大，最重视，所以出的晚,0
今天可能就这样了,0
还好骨龄就一年，本钱应该还没亏完吧？要么也快了,0
拖出去毙了,0
严重怀疑你就是一台收割机，专业割韭菜的。,0
公墓,0
专业,0
嗯，山顶凉快！,0
真是！！,0
是这个道理。所以是炒运气。讲太多无用,0
出来又怎样，利好庄家出货，小散接盘？利空专家出货，小散被套？,0
今天八块钱的那些人要跑了,0
18.78的本，19.38跑了。,0
建工修复上去了,0
老师能帮忙看一下宏瑞建设吗？略有3个多点亏损，谢谢！,0
西厂需要你这样的人才,0
赌徒都以为是提款机，最后发现是割肉机,1
[捂脸]18,0
老羊，你好天真呀，被宰不冤枉,1
今天集合竞价大家都变聪明了，居然3.08没买到，正式开盘却差点跌停，吓死我了，我的小心脏快受不了了,0
主力测试情绪的,0
结果跌了快百分之三十,0
应该是出bug了吧,0
这都挖出来了,0
他子公司是的,0
我都等了八十个月了！,0
吹多的人多了的时候，就该跑路了。。。,0
感觉你是高手，虽然你梦做的很幻，但是我有种截屏留存的冲动，就想看看未来是不是这样的,0
你都话拿了一个涨停，我涨停前一日卖的更可悲虽然只有8000千股，哭晕在厕所,0
换股了，根本没有起色,0
保守8个一字板[棒]27,0
基建大数据不香吗？过气的王者不如青铜[吃瓜]15,0
可能就是融劵做的空,0
雅培是奶粉吗,0
楼主现在还激动吗？,0
给你带来便捷的时候你在这扯淡,0
宁建现在这个样子还能再入么[痛苦]3,0
没有游资愿意抬,0
不打板蛮危险的！！！,0
你再看看，绿不绿,0
今天先来一个20或30再说,0
应该能赚点，一个涨停板估计没有，风险也不小，刀口舔血,0
求问人民币升值和安妮有什么关系,0
祝你好运,0
供应能力来说，只有九安,0
主力看到该笑了,0
不一样。东数西算还包括了数据中心 算力只是算<br />,0
严防秒涨停[吃瓜]15[吃瓜]15[吃瓜]15,0
你满仓吧,0
连跌4个板就低于1元股价了,0
6年股龄不应该如此不淡定啊？,0
8年股票白做了,0
不要炒了,0
我持相反观点！,0
产品严重过剩，不跌才不正常！,0
还仙人指路？一看就是个菜鸟。,1
不涨都是骗人的，一个涨停都没有,1
人家现在被资金认定为西数东算的龙头[狗]28,0
哪里涨了？，还奔涨停？,0
后面会要求划转的，所以之前一直不愿意报，相当于给他人做嫁衣！,0
人家凡事带建工建投的都蹭蹭的，,0
本来就点赞了，想想气不过，ha***tui**tui,0
我有点不敢进,0
睡吧，梦里啥都有,0
你这脸打的啪啪的，呵呵……,1
那还不行吗？,1
会破,0
强势股需要补缺口?不缺口了你敢买?,0
你忽悠小散，天天给小散，买进就套死你,1
这三个买不进，黑牡丹换手龙，,0
没有才怪  没有你在东数西算概念  主营和副业搞清楚,0
什么消息？,0
24路过，看到这么多比我高的我就放心了,0
看多做空？,0
玩呗,0
要是飞早飞了，合同签那么多天了，一直在出货，就算真的也不会大涨了。,0
不变付的已经谢天谢地了,0
快，砖家出来啦，大家快买,0
是仙人，会跳的那种，仙人跳，就是一骗子,0
你昨天不是说一日游吗？打脸脸疼吗？,1
又看了一遍停牌规则，我对自己的言论表示过于乐观，还是多注意吧，该停的还是会停的,0
我也挺激动。。。。,0
反弹个鬼，没主力的货,0
牛,0
应该是对了,0
装的，一会就下来了,0
啥意思，找接盘侠吗？,0
指数跌，但是3000多只股票又涨了,0
5.2全仓买入,0
上周五手慢了一秒。。排了一整天没排到,0
好的大郎喝药了,0
不会涨的，3块多的时候入手过，后来果断放弃,0
背离了，感觉要飞,0
不可能涨停咯。,0
没听说过恒大吗？给借就没风险？别忘了这还是融资！还是股民出的钱,0
我300股赚了2万多了,0
今天必须张婷,0
实在没忍住说一声，憨批,1
看涨？,0
周五清仓了我GIAO,0
你都能想得到主力会想不到么？[糗]5,1
不错不错,0
妄想症,0
这个幅度必买,0
没有订单合同一切都是空中楼阁,0
别装逼了，要滚就滚，别得了便宜还卖乖，我现在还没回本,1
25.22我又回来了，砸狠一点我再入点也行，只买了50手,0
有详细截图，2月7日的，这里上不了,0
不要慌，越亏损越涨,0
今天能进吗,0
本周，兰州银行创新高的概率大哦！,0
跟一月10号走势一样,0
你就根本没有持仓，在这里酸不拉几的,1
感谢您对社区工作的支持以及创作的优质内容，我们已对您的帖子进行推荐！,0
你在做梦吧，这辣鸡股，看最近表现，太烂了,1
万物皆宇宙，忽悠，接着忽悠,1
从昨晚我都没敢看评论区，空的都一片悲观。末日似的。。。,0
孔兄凯撒旅业怎么看，目前微套,0
这是没到位，北上收货，继续打压股价！,0
这个利好只能让散户进来的多,0
大家别怕，是洗盘，和大金的一个路子,0
因为中了庄家的圈套，听了专家的鼓蛊,0
你脑子这么好，还买什么京东方,1
标榜发行新股机构拿了一半多的筹码,0
没买上你就赚了,0
必须实现[送花]22,0
理论上还有可能[笑哭],0
一周涨20厘米就不错了,0
以我目前分析来看，就两个点，一是在此横盘来收集筹码，二是庄家做T降低成本，要知道这个形态可是老鸭头！,0
怎么不提房地产,0
我还没有进[捂脸]18,0
希望连续涨停板！！！,0
股神,0
4年后再来,0
你不检测怎么知道有病，没病你吃什么药,1
大嘴巴了,1
请你洗快乐澡！一个礼拜！你肾吃得消吗,0
[捂脸]18[捂脸]18[捂脸]18,0
煤炭期货三兄弟涨势强劲势不可挡啊！,0
热烈庆祝无敌神算子被洗出恺英,0
还不知道多少人在顶板,0
这是哪儿冒出来的大神？你要指点江山？送你一首歌吧！猜猜是哪首？呵呵，呵呵！,0
还b不？这下学会选择性失明了？,1
你哥是不是叫千鹤,0
疼死了呢,1
16有了,0
来来，干杯！继续喝！[捂脸]18[捂脸]18[捂脸]18[捂脸]18[捂脸]18,0
又个韭菜,0
都看好就是埋人的时候了,0
高开就快跑吧，启动个毛线,0
打啥架啊，没听说过主力的钱如数奉还，散户的钱三七分成。,0
参照翠微之前走势，但高度不要看太高,0
算黄瓜,0
妖股就怎样诞生了,0
哈哈，被打脸了,1
先破65后破60，下个月25,0
多还是空？,0
马上关灯，面都没得吃,0
牛哇牛哇,0
看出什么来了，大神,0
买一送一吗？,0
你贴表示你很坚定,0
分析的很到位   而且大部分都应验了,0
有破新高了，怎么不一直冲上去？,0
你这个恶庄,1
清明跟这个有说法？,0
都说了跌停板,0
说过锦龙是龙头,0
天天牛逼轰轰的，数字货币红的，你拉红我看看，脑子指定是有点毛病,1
老师，说说苹果,0
那不得行，扇贝回不回来不一定，音响是要买哪家的？,0
都跑了，又一个跳空低开缺口,0
中国平安(601318)最新股东户数为130.36万户，根据2021三季报披露，户均持股8310.00股。,0
谁还玩这破概念？尴尬不尴尬啊,0
突破不了，就得下来。,0
怎么都是这位仁兄这么看好呀，是仁兄被套仓位比较大，还是其他情况？,0
St岂可用常理揣测,0
业绩倒退，只有2017的水平了,0
主力进个鬼啊，盘口清虚拉一波，高位出货。散户打板大队全部套牢。,1
今天肯定是涨的，不做给你看你会卖?[龇牙]8[龇牙]8[龇牙]8,0
最可气的是还有这么多人点赞，呜呜呜,0
只要敢低开，往跌停摁，还洗盘，精华也配？,0
等一个万手哥 别急 都定增了 等着吃肉,0
最少三倍行情,0
都要退市了还在忽悠不明真相的群众,1
想问下你明天怎么操作,0
肯定进啊，给机会接你上车,0
不好说有压力,0
基本没戏,0
9  10是秋季吧，遮阳伞，帐篷用的到。亚运会会带动旅游， 公司有在线旅游就是网上旅游商务,0
什么情况,0
有个鬼，就算有马上跌停,1
我在车上做过站了，现在获利百分之四十多，你告诉我怎么办，你上车接我下来呀，终点还没到，我买的是终点第二站下车的票。,0
你是不是托，不要忽悠人，讲点道德素质,1
中装建设(002822.SZ)今天成交额为1.04亿元，成交量为1491.46万股，量比为11.66 。,0
拉尾盘，非奸即盗，走吧,0
这个股有个缺陷，只要排第二就能看好,0
今天套韭菜，主力叫套了找人接盘,0
谁说的？,0
奔一百去了还  高考   就跑,0
今天等着跌停吧 我第3天涨停走的，回本了就没贪心,0
京东方的确不错，但是我不买,0
年后复牌17块割的[吐血]11[吐血]11[吐血]11,0
哪儿涨了,0
纪念日休盘了，外面,0
你终于回来了，我少量买点今天，庆祝下,0
利好出货 凯莱英至少还10%涨停虚假表演下,0
老董事长不同意国资收购，现在被抓了。国资总经理现任董事长。你觉得接下来怎么走？[吃瓜]15,0
我认真看完了[捂脸]18[捂脸]18[捂脸]18,0
解套了就赶紧抛了吧，到时又跌下来套住了,0
不好说有压力,0
基本到底了,0
中嘉啥概念都不跟，也是醉了,1
说的对,0
低开你有啥开心的，你是有票还是没票啊,0
你能买的进吗,0
来来来，这游资你来当,1
不可能开战的，普京签发总统令了！,0
卖的好,0
正股宁建摆明要做市场龙头，佳力争不过宁建的正股,0
一群托天天吹消息，就是忽悠散户进场,1
兄弟套7年了？,0
走势图应该这样吧，底还远着,0
厉害了100点了,0
我亏了20个点,0
[流泪]7,0
不砸也是起不来,0
看吧，我没说错吧,0
明天,0
死在顽固不化。下周就让你翻白眼,0
就你一个明白人,0
我卖在了6.5,0
我新韭菜一个，不太懂。就想知道你说老庄出货300天了，他有多钱需要出？按照你的意思300天他才出三分之一，你自己信吗？,0
独狼杀,0
减持期间都不会涨。放弃幻想去别的股玩玩吧。,0
没有天哪来的地[捂脸]18,0
放量才站的稳吧,0
上面套牢了一堆散户，主力可不会那么好心帮散户解套，肯定还会下杀洗掉上面的套牢盘,0
今天可以买吗,0
这个德行谁敢接,0
周一回来吧！给你一个拥抱,0
不是都发过一次了,0
事出反常必有妖,0
很多民企比国企强的,0
高手,0
那你做多啊,0
关注你了[棒]27[棒]27[棒]27[棒]27,0
木有[笑]1,0
现实和梦境往往是相反的，开盘板块和个股都是低开高走，兆易冲高回落[笑哭],0
能有10cm就很好了,0
大美女[送花]22,0
这股就9块左右，最少还要一个跌停,0
去看看医药股都跌了多少，自己没脑子么，一点点消息就让你得了癔症了,1
3块多可以进场,0
就这还评 情绪到位了 你在唱空 市场教你做人 逆势没好下场,0
纳进去后就开始跌到现在,0
[棒]27[黑人问号]20,0
买券商的都是活该,0
沙拖马甲又出来了！擦干鼻涕没？,1
100-102见,0
今天就能到,0
不管多少赚主力的钱你就胜利了[可爱]2,0
你还有降的空间吗,0
买一百万立刻回本,0
几个菜啊，喝成这样,1
浙建停牌，天降大任于宏润！??,0
补仓10倍,0
这个太弱了能不买就别买，还是涑玉平民和药易购强势,0
这是潜力股，你多囤点看它涨不涨,0
今天大a可能稳不住了。。。。。。,0
查吧，查你也没持股哈哈哈,0
………………,0
我居然看完了,0
这个股刚开始 你竟然走了[糗]5,0
把大公司都干掉不更好吗？中开头的<br /><br />,0
说话不经过脑子,1
绿盘也叫高开啊，厉害厉害,0
大家不要买也不要卖，让他们怎么搞，自己搞自己他们就不搞了，跌到20我也不减仓更不会割肉，大不了钱不要了,0
不跑才是闹残,0
情况跟你一样,0
托！有饭领了,1
这两年学会了些什么,0
11年的老韭菜，板个毛,0
刚买<br />,0
flaunt木木木<br />从最近3年的年度表现来看，2020年是以“两瓶酒”为代表的大消费表演的一年。2021年是以宁德时代为代表的新能源表现的一年。显而易见三大板块中主要的两大板块在过去两年里都轮番表演过了。水皮想现在无论如何，即便从保守的角度来讲，如果有结构性机会，也只可能是大金融板块。大盘指数已经走坏，注定今年是震荡调整行情，高估值版块风险加大，主力资金调仓换股到低估值滞涨的银行金融版块，江浙地区的银行受益于当地经济发展，发展空间巨大，具有涨停基因的小市值紫金银行底部已出现，目前月线金叉，趋势处于上升通道，布局建仓时机，未来可期，正在酝酿大行情，全面注册制后银行股也会有20cm大长腿,0
从哪来的,0
你永远买不了最低点，也永远卖不了最高点，T没做好，悔断肠子,0
国内都是采集样本，实验室检测的，准确率远比自测高，老美都放开了，自己试剂盒检测，对症自己抓药??,0
笑死,0
所以解约了,0
快逃命去吧，感谢不杀之恩，连续跌停一个闷罐子套头上，谁也跑不掉了,0
买回来，一会涨停,0
破18应该是没有问题的,0
你会看个毛线[龇牙]8,0
我的心股友啊，写在心上了，超赞[送花]22[送花]22[送花]22[送花]22[送花]22[棒]27[棒]27[棒]27[棒]27[棒]27[棒]27[棒]27[棒]27,0
呵呵啥呢，啥都不懂过来忽悠人吗？,1
洗洗睡吧,0
生物股都是五十步笑百步，半斤八两，你再去看看康泰[吃瓜]15,0
没戏，大市值，中字头搞基础设施建设的，有哪个翻倍？,0
懂哥，咋还急了？脸疼呀啪啪的,1
这和纸浆有关系？,0
我宁愿你不吃,0
我卖了三分之二我草,0
你在想啥呢？？？这货涨停次数为0,0
你现在到账了吗？,0
这板块专割这种想法的韭菜,0
卖了其他的补这个，结果其他的疯涨，这个死气沉沉[吐血]11,0
这货最惨，没啥事都跌成这样,0
不喝酒庆祝吗,0
这个股六月份之前不能买,0
是的！在中国资格很重要！！,0
我说你家里人出问题了 你信不信,1
没啥好分析的，炒股大多数人还是看技术指标，走出了震荡区，该走的必走，,0
可以预见：下一步中兴通讯的走势将教育一大片非价值投资者！,0
[龇牙]8恒宝已上车！,0
今天可以走了吗,0
想多了，涨停对这只股很难！,0
搞笑，你是多么的无知，或者是托。砸盘一定会亏钱，新来的这么认为。我们老韭菜你忽悠不了,1
早盘竞价把周五出的又买回来了。,0
跌停才是买点，第一波出不完货,0
其实就是直播电商起来了。直播电商 不那么在意牌子。 可以去看看 每天前十销售数据,0
人才，不赢钱才怪啊,0
不丢人吗？,1
暂无该股dde散户数量数据,0
怎么洗的？,0
有没有融资爆仓的,0
梦里啥都有,0
有可比性吗！？标榜不是全网发行，还有很多不如纽泰格的地方，,0
人家自己的出口都用不完，还买你的？,0
是啊，到顶了。四川金顶[龇牙]8,0
藏獒就你自己,0
这逼啥概念都没有,0
凯莱英复星全资子公司，酸啥,0
股市没有回头路,0
衣米康是超级牛的存在,0
他已经到头了,0
马上涨停，你想多了,0
不买，高溢价发行，等着破发后再说,0
赶紧卖吧,0
今天搞不好要涨停~前面洗盘动作太明显了！,0
彻底仰望鹏辉了,0
看好你,0
别说猪能不能吃得起，这玩意比人吃的都贵,0
抛压太大,0
今天跌就一定要出来说话？没赚钱别在这里瞎逼逼,1
呵呵 炒股就是割你们这些,0
完全按照K线回踩走，也是倒车接人,0
你这四年怎么玩的？,0
又板了,0
唉！梁静茹给你的勇气吗？[糗]5,1
你们这帮托，没人给你们接盘，看你们怎么全身而退,0
恒三年多了，主力底气十足，有反账成妖股的可能,0
兄弟 你真逗[笑哭][笑哭][笑哭],1
如果公司接受这二条建议，公司股价至少上涨30％以上，1??大股东取消减持计划，2??拿出5亿元进行回购注销股份。,0
垃圾下拉,0
要选跌透的，福满被杀了一波，这个没被大量杀，很不安全,0
你要发力了，你还不发力就去摸30日线了。[龇牙]8[龇牙]8[龇牙]8,0
数学货币，中央支持,0
恭喜你T飞了！,0
哈哈，兄弟，东财咱俩互相关注了,0
筹码分散了才好弄，要是都集中在一小撮人手里才难办,0
政治和军事博弈不是一二天的事，再说真正发酵才刚开始(没到恐慌哪能轻易罢手)……,0
龙建安乐死吧！还是比较舒服的,0
涨停板排队了[流泪]7,0
卖了金刚买的博彦科技,0
感谢你为股市做贡献,0
是啊，后面还要100个涨停,0
都想抄底,0
不懂别胡说，看主力大资金杀入，不出高价你别想买到,0
大师说的对,0
洗盘,0
哈哈，看看集合竞价吧,0
要走你自己走,0
傻孩子，大单都在后面,0
一辈子吃不了四个菜,1
63天,0
听哥一句话现在买入拿住四月份中旬卖。,0
就你知道的多<br />,0
忽悠王,1
做梦的不少啊,0
它想快速回调，打压股价，调整到位，板块其他个股涨幅过高，面临调整，它会有更多机会。但是上个周板块过于强势，他又不想抛掉手中筹码，又没有强势资金介入，只能横盘,0
[龇牙]8[龇牙]8[龇牙]8,0
三六零的底是5-6块,0
为啥还涨停？,0
白瞎你这五年股龄了，老韭菜一枚，这是洗盘！,0
今天跌停,0
2021三季报显示，博彦科技商誉为7.22亿元，占净资产比例为21.85%。,0
哦豁，马上跌停,1
我2050做空,0
津巴布韦币吗,0
希望能涨停！！！,0
看你以前评论知道你不是金刚的菜你哒空了吧??,0
恒力3月份还有100多亿员工持股要进。,0
点赞`值得一博/ 与京东方共成长,0
卖盘太大了，估计今天不会有什么行情,0
昨天说矛好，今天说盾好，原来是脑子不好，哈哈,1
没有股权关系。,0
你是真能忽悠，旅游送下乡,1
套了不知道多少人 开盘都跑了 割肉跑的,0
21的本希望快点回本[锦鲤]21,0
千万不要卖，等着涨停吧,0
比你高点,0
以前没炒过，那以后估计也不会被炒,0
给埋了20个点了,0
看看应收帐款和季度亏损,0
怕你不敢上,0
你要是跑了就闭嘴。,0
真过份你们跑了,0
买入！,0
是啊！看不懂了,0
妥妥的托？,0
玩不死你们都不对，还飞，等着吧,0
梦才,0
一个是治疗，一个是检测，他俩没有可比性！检测完以后治疗，这才是根本,0
想多了,0
跌到几元？,0
你最棒,0
你,0
咋没封板呢[白眼]9,0
骨龄3个月，连百天还没到，就梦游了[捂脸]18,0
这个有机构在,0
在哪看滴呢？,0
听我的，拿着，别动,0
继续涨[龇牙]8,0
花生米整下,0
我也是[捂脸]18,0
语无伦次[捂脸]18,0
这是夫妻店，大家都知道,0
88.88历史最高位。,0
你搞错了吧现在是东数西算，要建立偏远地区的大数据中心,1
走出来的才是对的，哪有按理说的说法,0
大家发财了！,0
你转空了？,0
真当奥密克戎是感冒你就去得一下嘛，反正病毒上你的脑不是上我的脑,1
和亚运会还是有点关系的,0
感谢您对社区工作的支持以及创作的优质内容，我们已对您的帖子进行推荐，将会获得更多曝光！,0
[吃瓜]15一直都有,0
又涨停啦，打脸啪啪痛吗？,1
我上周4埋伏的底仓  结果周五犹豫一下   就没机会了,0
我丢大佬牛比亏了多少大佬,1
望清查,0
收盘抽你脸,1
不要涨停，要不停的涨！??,0
今天比预想中的好的多并没有大跌,0
不看好,0
放量就好了,0
忽悠,1
快跑 主力出来有多了,1
你持股一天都想得利，人家增发的捂了那么长时间为什么不能挣钱？什么逻辑,0
天天跌停竞价，虽说是胡闹，但企业形象降低了多少？,0
早上主动冲进去了,0
哪里它有份,0
好文章但已经是老了。,0
不行啊，才七八个点。唉，买错了，该买奥飞,0
狂跌,0
下,0
痴人说梦,0
精准,0
还没跌到位呢，快了。,0
国泰君安提保比年前还高，我是服了，赤裸裸逼仓，服,0
你说的是不是头像是zhu的那个吗？哈哈,0
是爷们噻单子出来，没有图就别逼逼,1
你想害s人啊,0
牛丽霞说的不对[捂脸]18好尴尬[锦鲤]21,0
估计有人质押了好多正荣地产股份，才能融券做空,0
你是托吗？鬼话连篇,1
穷是种病，只有庄家能帮你医治,1
别在这忽悠小散接盘了，估计你给的票连全股市最烂的电影股都不如,1
这是把拼多多的刀[流泪]7[流泪]7,0
做好十年准备，不退市就有希望,0
彼此彼此都在最高点，我是没舍得出掉,0
[打脸]19[打脸]19[打脸]19,1
板块那么多一字板 在不跟风涨停个 就没希望了,0
国台酒亏损？[笑哭][笑哭][笑哭]怎么可能,1
写的挺好,0
无中生有,0
涨停还过分？,0
和我一样，前期赚了一点出了，看看拉涨停我又进，然后套了N个跌停，7.5成本[委屈]6[捂脸]18[捂脸]18,0
你一出来准没好事吧,1
今天低开高走[龇牙]8,0
要有耐心，等到一块钱以下。,0
要么你身边有大神，你唯一做的不错的还留个半仓，你可能炒股多年但是轻定浪荡，说白了这么多年也就那么回事，大神大多都不动，懂不？不动如山，动如脱兔，动来动去容易捡了芝麻丢了西瓜！,0
就知道里面有人瞎叫的不得好，今天要跌停了！,1
为什么买不进？,0
劝你善良别忽悠人进来,0
可惜没早点看到。全被他说中了。,0
别炒股了，该干么干么去,0
别抱幻想了,0
前面都明天高点出来，小赚一笔,0
还忽悠人接盘,1
国台酒又没上市，又不是天士力的子公司，所以不要到这儿来吡吡。,1
龙头根本买不着,0
主力又没有亏干嘛要自救啊,0
周五进的，，今天没卖[龇牙]8[龇牙]8,0
不跑怎么涨，跑了更得涨，等他们追高,0
全吧人民都要跟你写感谢信哦,1
让我进去,0
再多涨停几个再说,0
三棵树熊起！发工资就靠你啦,0
历害请告诉我什么时间涨停,0
低开震荡，然后高走。美股晚上不开,0
牛逼,0
不推荐可能还好点,0
谢谢你，这篇文章提振信心,0
不可能有第二波,0
赞个，但看你受得了大的震动不,0
你个韭菜,1
带中的不要炒，这是制胜法宝。,0
没有一字板就好。[龇牙]8,0
呵呵 如此这般都是千万富翁了,0
奇怪了，我这半年炒海油工程买进卖出无数次，次次都赚呢，本金40万，利润8万多,0
你会说，可说的没头没脑。,0
千万别卖！卖了等横梆套期保值穿仓破产你连给他垫背的机会都没有！,0
一定涨停,0
你不能少逼逼两句,1
睡吧，梦里啥都有,1
涨停了就算,0
什么原因涨停啊,0
祝您梦想成真[捂脸]18,0
买吧，这不是有了吗，好好买，能让你赚钱算我输,0
啥鸟，高开下跌还说这话。,0
忽悠，忽悠。紧握手中钱。,1
精准追高在3510哈哈,0
根据研究机构预测结果，宁德时代近6个月的平均目标价为791.84元。,0
这股确实不错，周五加的自选，早盘价格挂低了，看今天收盘吧，合适我也进点,0
还没明白？这股白炒了，东数西算，呀，有的股10多天翻倍，有的股走大半年。不一样的。,0
跟你名字很配,0
洗盘给我整笑了，明显题材发酵筹码供不应求,0
我也是中签，一直没卖，正闹心卖不卖呢,0
做大，多配股，存银行吃利息。,0
什么助力,0
见鬼的事多着呢，然后一天一个涨停给你涨到四块以上，中间都不带停的,0
不就是死脸了吗？说的那么豪气的样子。,1
快亏完了跑不跑没有意义了,0
给老子到2.7，我要加仓,0
天齐绿盘跟了一点,0
今天谁打脸，你的脸打肿了吗，如果大盘没有涨20多点这股最少跌5个点，这就是高手哈哈哈！,1
套佬在这嘴硬[吃瓜]15[吃瓜]15[吃瓜]15[吃瓜]15[龇牙]8[龇牙]8[龇牙]8[龇牙]8,0
亏损股票有啥看的,0
韭菜一出 寸草不生,1
你提前看到年报了吗,0
哈哈，看看集合竞价吧,0
看好,0
你牛皮,0
你想多了，这股盘子太大，也没有独一无二的热门产品。它和九安没法比，不在一个层次。也就你这无脑之人，能说出这种无脑无知的废话。,1
祝你梦想成真,0
这人有李大肖的嘴脸，天天出来唱多，,1
为什么不早说呢？这个忠告为什么为什么？,0
看看你清楚,0
看跌,0
这就是阴跌,0
涨停不要奢望一个星期可以涨20就算好股啦,0
板了，恭喜豆豆。,0
我也是五万股，不过我在五块的时候卖了两万，好歹还剩三万，抓了四个板了,0
掌掴很痛的,0
东数西算，说你有就有，没有也没有，说没有就没有，有也没有[色]4,0
人才,0
暴雷了。已经挂跌停价1000000手。一字板跌停开盘。,0
满仓搞,0
做梦,0
股票的价格跟股票的价值有关系吗？便宜和贵是看价格的吗？傻兮兮的,0
一号文件,0
垃圾股,0
6块5的时候我也这么想的,0
有什么利好,0
晚上够他们喝一壶的,0
为啥卖啊,0
感觉有点，佳力图封的狠,0
有才，借你吉言，哈哈,0
赵老师也推荐这个股，买买买,0
我来200手,0
牛丽霞就是牛,0
你等死了，都不会到39，放心好了,1
牛哥怎么看？[龇牙]8,0
准备上百了这是,0
这两天20CM,0
确实不用看了，中天牛逼啊,0
茅台第一，种子第三就好。,0
公墓，说得好，进去合葬,0
资金为王，有资本炒作猪也飞。没资本炒作凤飞不如鸡！,0
你说了句废话,0
十七年怎么来的？九点二十五叫你醒梦！,0
我就割肉跑了，赔了7个点，受不了天天阴跌,0
这个股不强势，只是跟板块在涨,0
狼来了喊多了，狼真会来,0
周五走的,0
你要做到大智若愚，心里有数就行了，一定要说出来吗？,0
冲,0
亚洲盘开空，美盘开多,0
4.93买的49.5已经卖掉了,0
这货是跟爹的，哪个跌它跟爹,0
快滚不送,1
别高兴太早，但是高开还是有的，高开高走的趋势，军工这几天必起飞,0
那为什么星期五金价涨他还是没涨呢？,0
最后确实笑了[捂脸]18[打脸]19[打脸]19[打脸]19[打脸]19[打脸]19,0
哈哈哈，看到最后一句，笑s了[龇牙]8,0
涨停板走了，知足常乐哦,0
我以我30年股市经验来看，今天大概率低开低走，也有可能低开高走，亦或是高开低走，高开高走也有可能，平开也不是没有可能,0
你不会是假的吧，和别股背道而驰。,0
不会看公告？,0
我也是这么觉得凉凉,0
人气太低 没量,0
那你唱多个鬼，误导人,1
目标10元,0
是呀 谁给讲讲 违约了 这股价没返应,0
大家坚持才是硬道理,0
进去了吗,0
三天不过前高必开溜[龇牙]8,0
业绩不可持续，你们炒个鸡毛哦,0
在百诚套傻了吧,0
闷声发大财懂不懂？,0
我不到6块卖的……,0
疫情不断，我看好150,0
不领不图，靠实力看长远。,0
是的！怕明天还有一个涨停,0
今天跌停,0
无妨，老夫夜观天象，这是大胸之兆，必是真龙,0
开盘就砸，接近跌停，然后拉4个点再砸，,0
9000股，启动前卖了6100,0
先退后上,0
牛逼,0
不是涨停就是跌停[发呆]10,0
比克,0
真特么垃圾,0
可以持有？,0
成本多少,0
强赎只是公司的权利，又不是义务,0
已露狰狞！,0
我哪是低位潜伏，我是高位被吊打[痛苦]3,0
这不是废话吗,1
回来吧，还有两个上涨20cm,0
別做梦了！等着跌吧,0
此人怎么老在本人贴子下胡言乱语?可笑之极?,0
做空期指对冲风险,0
它都等不到下午祝你发大财行好运,0
稍微一高就出货没前途,0
你为什么总是在说打脸的话，害羞不害羞？哪一天说对过,1
你妹的你专家,1
依米康两天40个点，贵广至少还有三个板,0
还需要涨15个点才能回本,0
这股是中签才知道的，没想到[捂脸]18[笑哭][流泪]7,0
赶快买转债，比正股更太多了,0
十年都不开心,0
嘴子神富二代。,1
是的，上周五本来就可以涨停的。港资和啥一样，多少天买入一天出了，周五趋势就没了。,0
试不过三，今开绝对封扳,0
基建这么热，浙江建投不结束，资金不会回流数字经济的,0
相信你，我都没有卖,0
不要看股评，会害人的！有些人乱说，吃过多次亏了！,0
优秀，互关一下,0
关门,0
确实都知道会到这个点位，但到何时  、鬼知道！,0
别激动,0
手续费,0
还不撤,0
关苹果屁事,0
打脸不，说周一打你脸就打你脸,0
废什么？你要一字版？,0
给你机会跑了,0
跑吧别傻了,0
哈哈哈，天天唱空打脸，干脆唱多了，笑死人了。。,1
兄弟你什么时候卖了，主力就拉升了,0
害，亏大了,0
因为你也不知道,0
东邪西毒,0
卖点,0
你怎么又回来了。。。。,1
不可能，这股太垃圾,1
我说的没错吧 服不服,0
横盘出货,0
给茅台的是3000,0
不放量上去短线没戏,0
可能要20+,0
期货大涨  跑撒,0
勉强挨个边，坐等就是了,0
就是维持在发行价？让他们解禁么,0
这个不是重要的，重要的是银行里头只有1000多……,0
就说前期的涨跌多少人下车？机构本这么高，不会给口子的，这利好不直接上赶紧卖了吧,0
可能被哪个头部并购,0
这是中央政府能源大布局的一个面，向世界局面的，以后向W亿做强做大的。记住！,0
这俩有什么联系吗？好奇问下,0
忽悠,0
先看看中天,0
可以买了。。。。,0
安徽,0
慕尼黑安全会议宣告北溪二号破产，乌克兰内战开始，传出两家天然气公司发生爆炸，一加油站起火，北溪一号也悬～,0
必须排,0
连股权结构都没搞清就想股市弄钱，难呐,0
收盘还是绿,0
天方夜谈，鬼故事听多了遍地是鬼！大A全年才退几个，懂个鬼,1
你要这么说，那还有得跌,0
玩情绪，热点要玩龙头不是找这种龙尾股,0
??婆,0
我也是13天,0
3.60你都买不到了，你给我滚……,1
这玩意儿不能看，外面全在涨，就它唉,0
呵呵,0
少叽叽,0
兄弟你猜的不准啊,0
今天吃大面 至少4个点,0
大聪明。。。。。。。。,1
你出来没好事,0
公司都要倒了，还筹码[笑哭],0
错，大把上市的，海大不是？,0
技术研发有突破但不够尖端，不能领先于行业水平，所以不温不火。静待突破吧。技术没有重大突破是不会改变大趋势的。,0
钱不能乱用，要养董秘,1
托,1
多头你要敬酒不吃吃罚酒吗？,1
大哥你微多少<br />,0
全是短线思维，难成大器,1
不会长的今天,0
假突破真出货,0
总结！买进就对了,0
我觉得里面的浙江人，广东人，宁波人，智商都不如你高，脑子都不及你好使！,1
我靠，照你这样说，人民币还是纸呢,1
换手龙头更有后劲，一字的谁敢进啊,0
走,0
1000股三进三出，经历2次涨停，且只赚了1000多[流泪]7,0
少说多看，兄弟。股市没有神，虽然你看起来挺厉害的样子，年龄大就要像样，你看给得瑟的,0
解套就赶紧跑啊,0
弃购我错了嘛！,0
加空了，随便拉,0
你的名字符合你的气质，真是活韭菜，哈哈。。,0
血制品供不应求,0
建议可以改名了,0
gou不叫大家清净一些，天天叫烦死了,0
肯定不是的啦,0
真是梦话吗,0
哈哈哈哈要不要每个姓，来证明老师推荐,0
周三开会,0
跌停。的人呢,0
向你看齐,0
高手在民间,0
AR路骆驼<br />从最近3年的年度表现来看，2020年是以“两瓶酒”为代表的大消费表演的一年。2021年是以宁德时代为代表的新能源表现的一年。显而易见三大板块中主要的两大板块在过去两年里都轮番表演过了。水皮想现在无论如何，即便从保守的角度来讲，如果有结构性机会，也只可能是大金融板块。大盘指数已经走坏，注定今年是震荡调整行情，高估值版块风险加大，主力资金调仓换股到低估值滞涨的银行金融版块，江浙地区的银行受益于当地经济发展，发展空间巨大，具有涨停基因的小市值紫金银行底部已出现，目前月线金叉，趋势处于上升通道，布局建仓时机，未来可期，正在酝酿大行情，全面注册制后银行股也会有20cm大长腿,0
一字板跌停，今晚要停牌退市了。,0
没人逼你打新吧……,0
这是高手,0
完了，都看多，不是洗盘就是下跌,0
参股北京联拓天际60股份，这家做在线旅游的，<br />也有炒创投，和跨境电商，浙江板块，<br />九次方1.5股权数据中心的,0
你买不起,0
唱多不妙,1
加保证金,0
会开??,0
[龇牙]8,0
这还可以吧！吃肉要不要跑啊兄弟,0
哈哈！啥铝不涨就是死驴啊朋友,1
仙人指路,0
参考华宝股份，今天一字板跌停开盘。,0
但愿如此，这个驴机子近的,0
我的看法这两天成交量小，上涨动力不足，机构获利开始大单抛售出逃，从成交量上看都是散户接力买单。,0
收盘发现账户是绿的，可能会绿了手续费,0
55以下还是有机会的,0
6.3[发呆]10,0
快卖，不然来不及,0
躺赚多少了老板,0
摆明的是，之前增发价50+，股价跟着上涨，现在下调到35+，估计熊老板在融券了,0
28号,0
我到现在还没到账,0
买买买,0
脸打的有点肿楼主,1
就差涨停,0
还得往下跌,0
股不涨，这些有屁用,0
贵广明天接力,0
那么着急去哪？,0
跌停5块走起,0
五个涨停,0
我反正卖了。没意思。,0
五十多的老女人，不见红了,0
打脸没,0
人才阿[棒]27,0
还有机会，赶紧再上车,0
王老师也推荐这个股。,0
二狗子！,1
瞎扯淡，不想涨而已。主力持仓这么大，散户算个d毛，就是不想拉现在。,1
一般只要有人买股票就不会涨，哪怕是一百股，看你买了两次了，估计够呛。,0
未来可期,0
你不是没有买，就是卖早了,0
一万,0
会,0
要是能涨停，上周五借着东风早就涨停了,0
大a开盘,0
你个九菜,1
今日涨停[色]4[色]4[色]4[色]4,0
今天很好，提前配合大A,0
我会点赞一些敬业的joker,1
前面在双底形态上涨过程中我还觉得他是个高手，后来那么明显的穿头破脚大阴线出来他还看多就觉得也不咋的了。,0
使劲砸吧，反正已经无所谓了,0
大清早的！这托当的真競业！辛苦啦！,0
你搞了这么清楚早就发财哈,0
有开始忽悠大家了，中信说你不行，永安真的不行，说的真话吧！,1
有没有压力主力说了算，随便压个几千手都可以磨一天,0
看来你不懂打压吸筹，不知道沪金每年吸筹超千吨,0
日本已经开始收红了！,0
能涨就是好股[龇牙]8[龇牙]8,0
为什么会和这边配合？？,0
上当了,0
你可以去买银行股，那种股不炒[龇牙]8,0
事实胜于雄辩,0
跑毁了,0
不好说  宏英智能 总不能弃购吧,0
这个吧，这个挺好的,0
他就是个大忽悠,1
那是遥远的曰子。,0
汇顶科技跌不了多少了，不用再逼逼的叫了,1
在哪里直播,1
“声东击西”也是兵法之一。,0
真搞笑，买银行股去吧，那才叫业绩，买中国神华也比这个好很多，分红高，股价一直慢牛中，中国神华上50元时间问题。,0
手机版MACD咋不显示红绿色柱了，大家遇到过这种情况吗,0
骂采纳的人咧嘴了，哈哈??,1
造谣对股票没有好处,1
把下不来换成上不去，把最多换到最小，你这个观点就是正确的了,0
玩完,0
k12强行下架了,0
董事长被抓了对这公司是利好，实控会发生变更,0
快泚醒他，尿越黄越好,0
今天放量是必须的，为了明天的缩量，懂的都懂[龇牙]8,0
美弟霸权在陨，回天乏术了,0
我十几个点，没出声,0
我看完了[笑哭],0
这要是僵尸，那遍地僵尸,1
搞的自己是主力一样,0
这股涨不了原因就是散户太多,0
你要知道，股票的上涨是市场资金推动的结果。从封单量上就可以看出市场看好那个，在一个就佳力图可转债，这种正骨一字板上来的可转债长得这么凶，说白了第二天基本上就是金蝉脱壳。,0
因为你是韭菜,0
全球最烂，没有之一,0
[捂脸]18没玩过打板？,0
用词不当，应该叫落袋为安，涨这么多了，知足吧。,0
对。,0
现在大巴的筹码你买吧对启动跌停,0
成功获评GSC5单位,0
就是不挣钱，挣钱的都飞了,0
非常赞同，新开普目前处于下跌中继，盘整后必定继续下跌，第一下跌目前价7元，一起拭目以待，可以预料到空仓新开普的一定会为提前清仓而庆幸自己是幸运的[棒]27[棒]27[棒]27,0
你回家睡觉去吧,1
看起来今天有两次回落,0
出门右转有个报停，🌸三块钱买张彩票，回去做梦去,1
浙大网新明天接力,0
[黑人问号]20今年都涨了十块钱了还不是涨？,0
大长腿[色]4,1
卖低了,0
湖北佬的票真是恶心。,1
墙都不服，就服你,0
人气这么高，接盘也厉害,0
2月骨龄,0
应该是龙头老妖,0
求猫哥关注,0
今天啥情况？,0
持股机构都跑完了,0
壮士断腕，悲鸣之剑，哀伤何极？,0
没啥关系，但情绪在,0
怎么说<br />,0
你想多了,0
可以买九安,0
深城交也不差，,0
怎么看筹码出货,0
我拿了二年，亏损了4万多元，上个星期割肉了，但愿你们长期看好，发财发大财！,0
只能吸引小散户了,0
不能说有，一说有马上问询函，提问了就说明靠点边,0
15块钱有戏吗,0
半年后股价折半，媳妇啥都没了,0
明天,0
3.01吧？,0
刚刚追进去马上急转直下,0
已经干起来了,0
要减也要拉高才好减啊，大股东谁不想在高位减持，这么位置算高吗？,0
10年的韭菜，怕是脑子亏得不正常了,1
概念越多越扯,0
俗称做T[狗]28,1
怎么可能停板兄弟放宽心吧,0
撑死胆大的饿死胆小的[狗]28,0
快了,0
继续磨。,0
瞎分析，隔夜债一个也没高开，马上强赎的，还没风险？虽然溢价是负的，但赎回是以发行价，怎么没风险？转股？如果正股不涨，不就等于套住了！傲农明显压力太大，随时可能回调，风险远大于收益，低吸干嘛？,0
哈哈哈借你们吉言涨到60[龇牙]8,0
看业绩炒股迟早亏光,0
这个星期都是板了,0
明天肯定下跌,0
往上冲的时候买肯定一套一个准。下跌的时候买还能熬个反弹，你策略错了,0
怎么看都不向,0
博腾涨的时候 你说他启动了  一跌你就说完蛋不行了 哎。。。 我都不知道你脑子咋想的,1
大哥你真牛！420万手封单，第一次见,0
好的，听你的<br />,0
现在可以睡了，睡个10天在过来看,0
差不多，能进入,0
辣鸡股。没人看。,0
准确,0
TCL的前景不错，别听挽救人的这个人忽悠，自己想进埸在这妖言戏众,0
我拿了杭州园林拿了一年、去年年末清仓了 卖飞了[流泪]7,0
这是实话,0
忽悠吧,1
这么好的基本面，不理由不涨！,0
错过雅本错过一个亿，妇产科,0
你牛逼,0
画重点，国有证券,0
一天天尽忽悠散户,1
美女需要男朋友吗,0
不靠谱<br />从最近3年的年度表现来看，2020年是以“两瓶酒”为代表的大消费表演的一年。2021年是以宁德时代为代表的新能源表现的一年。显而易见三大板块中主要的两大板块在过去两年里都轮番表演过了。水皮想现在无论如何，即便从保守的角度来讲，如果有结构性机会，也只可能是大金融板块。大盘指数已经走坏，注定今年是震荡调整行情，高估值版块风险加大，主力资金调仓换股到低估值滞涨的银行金融版块，江浙地区的银行受益于当地经济发展，发展空间巨大，具有涨停基因的小市值紫金银行底部已出现，目前月线金叉，趋势处于上升通道，布局建仓时机，未来可期，正在酝酿大行情，全面注册制后银行股也会有20cm大长腿,0
看不懂啊，豆豆，我小白一个。求指点。,0
上去了，,0
这叫气人,0
我都是看到外围涨，心里会稍稍松口气，这下至少要点莲，可以跌的少点吧。,0
脸打得痛吗？,0
买上一万的一天就回本了,0
太棒了,0
阳本化学,0
啥利好？,0
小心监管,0
憨包,1
全面注册制推出以后该股会有一波大行情目标应该是去年前高,0
我觉得你上个星期刚卖了是吧 那今天应该很大可能涨停[龇牙]8,0
跌停可能性大，特斯拉已开始生产电池,0
短期回不来，,0
还没有上车呢？！？！？！,0
你不出现就要翻倍倍[可爱]2,0
现在不抄？我3.1进来了，坐等[笑]1[笑]1[笑]1,0
等会吧，跌停,0
他又不跟煤,0
买新股了没有？今天先进出了，天能还不调整,0
可以加一点点，但是大概率还有新低,0
庄任性，压的死死的。,0
涨指数，跌个股,0
昨天分歧，今天转一致了,0
月底看看吧,0
先进来站岗了。,0
已经反弹15个点了，千亿盘子还嫌少,0
倒数第一,0
确实是那样,0
还是你看的准,0
去看看之前的这样的量有什么好怕的,0
农机，等中央一号文件利好兑现,0
你猜对了，散户数量又大幅增加,0
老太太都不扶，就服你,0
有说没有，没有说有,0
上次见到安妮就是这个梗 炸穿了[龇牙]8[龇牙]8,0
今天解禁1500万，拉高出货,0
很好！！,0
嘴巴子打肿了,0
说到底就是有你这种人在里面主力才不拉,0
就你这种人不配拥有财富，有多远滚多远去,1
天天折磨自己有意义吗？？？,0
时刻保持吃瓜看戏状态不动摇……<br />[吃瓜]15[吃瓜]15[吃瓜]15[吃瓜]15[吃瓜]15[爱心]24,0
死在顽固不化，下周就让你蹬腿。,0
懂得真多,0
都300多了,0
快跑吧，要不然没你的份了,0
想多了，外围市场都跌，大A股能不跌?,0
你的目标不是短浅点了吗？28元必见,0
啥药,0
辛苦了 会有回报的,0
为什么株连金到中国开市时间就是下跌？每次都完美躲过上涨？,0
那不是今天又发财老。。。。,0
但是中信发消息看多，不知道中信说的准不准呀,0
加个数据中心概念，保留看法。看有没有新主力进来,0
最近真的想割了林纸。我成本也不高7.35,0
我套了三年了希望今年能回本[笑]1[笑]1,0
除非高开秒板，否则就是诱多,0
果然股票得靠讲故事[笑哭],0
这家伙是出生在三板的？还是他姥姥家在三板？,1
周一不用追高，信不信直接一字板？,0
你不是说藏獒已经跑了吗，怎么还在，今天龙虎榜出来了，把你的脸打的巴巴掌的，还要当杠精？你这技术都赚37个点，你运气到头了,1
造谣生事,0
都是散户接单,0
股价应该在18000元，不然对不起你,0
韭菜真嫩,0
你当游资吧,0
看好了就直接进，还想再跌，这个位置说实话，没有任何风险，后期大概率上涨。拿住就是了。,0
但愿如此！谢谢了！,0
9.15，50亿封单,0
涨停  我也追,0
是不是死了，怎么不更新,0
2&,0
2月18日，雅培官网发布三款婴儿奶粉召回声明。<br /><br />　　声明显示，四名消费者投诉称食用雅培旗下品牌奶粉后，婴儿出现阪崎克罗诺肠杆菌、沙门氏菌感染。,0
一早就吃醋啊,1
重吗？哈哈??,0
数据传输需要什么？,0
你在说逼话？,0
连续中签了？,0
不知道，反正九安医疗这波涨到150,0
我是第88位点赞的！明天发财！,0
标准托,0
做人的格局能不能高一点，本周过50下个月100，年内200起步，格局能高一点你在股市就能吃到大肉,0
你这是写情书吗？麻嗖嗖滴！,1
绝对一年不世出的人才！珈伟：你退市吧！,0
何止，六十多买的,0
现在是还没爆消息，等哪天出消息了。就买不到了。再不济，爱药也在，同时还在扩产，物希价美，90-100，还不搞,0
新冠医疗概念的龙头股,0
想多了,1
主力在逼我们交筹码 稳住,0
顶你[笑哭],0
几个菜啊，喝成这样,1
数据是有应该。只是不是中心[糗]5[糗]5[糗]5,0
就数他们砸的凶,0
这是不动产，大家都打算留着给子孙的，随便它去涨跌,0
亚太药业以后的实力股,0
你这脑子，出完货让机构给你抬轿？必须把散户卖的接过来才会出公告,1
到底死不死啊,0
别在这丢人了，不了解65,0
得利斯怎么讲,0
啥情况今天低开这多,0
还是涨吗,0
装神。托,1
4.85比较合适,0
估计有人质押了好多正荣地产股份，才能融券做空,0
海通啥利好都没用,0
全天水下,0
短期没有可能，除非有重大利好,0
你买了还希望跌停脑子有没有问题？,1
，3.5,0
做梦吧,0
又是前几天这样,0
飞你家去,1
好??有点收获，明天继续,0
亏傻了吧,0
双底信号,0
你的股票太少了，要是你有三亿股就你说了算了。,0
看看深城交吧，我还是成本有点高了。刚才没钱,0
凭什么,0
放你出去吧,0
不懂装懂，今天打脸吧,1
周五t飞了？,0
早割早受益，迟割必受罪！,0
国台酒很好喝，跟茅台没啥区别,0
啥时候,0
眼哥这波不敢说,0
你只看到它跌了这么多，但你不看它从底部上来涨了多少,0
我也是周五跑的，真晕了。不敢买了。,0
老板被抓了，，，,0
是的，安徽建工收盘开板，资金大量跑出，肯定有方向了,0
我加仓位了,0
藏獒一进，满盘皆输,0
有赚就行，我还套着[捂脸]18[流泪]7,0
希望是涨停板,0
要万手就买得进,0
有啥新闻？,0
就问你打不打脸,1
明显量还不够,0
看下他的股权结构,0
[白眼]9,0
啪啪啪,1
外资这大韭菜割肉，可以拉升了！,1
神话故事吗,0
强烈要求停业整顿！吊销营业执照！,0
装的一比,1
两个月的股龄，到处立贴为证，请问你自己买没？在这里到处忽悠,1
20的本，天天看，心态不行,0
半年后老婆本都没了[打脸]19[打脸]19[打脸]19[打脸]19[打脸]19,0
这个价位再买就是刀口舔血了,0
磨一下底，等一下北方稀土,0
做梦，梦想成真不会遥远，鼓起勇气坚定向前，奇迹一定会出现,0
大阳线,0
亏损太多,0
可惜失去了机会，挂5448没买到,0
相信木总，全仓杀入,0
文章写的和赢方微差不多,0
恕我直言，被骗筹码的人赶紧销户远离股市,0
为啥你们能发话，在那里发话啊,0
九安，不是  今天不安，就是明天不安！！！一一一正在使套中，小心被套[捂脸]18[笑哭],0
胡说，怎么涨停？没有涨停限的,0
你是不是托，不要忽悠人，讲点道德素质,1
信你个鬼,1
才开始有人关注,0
有脑子的人不会在意你把炒股当成定期存款，,1
外盘不开，国内就趴着不动,0
你俩是来搞笑的吗，不会看持仓？,0
还没解套吗,0
你拉吗,0
赚就完了 4个板了 再涨就卖,0
亏了二十个点的样子[糗]5[糗]5[糗]5,0
公司生产地尔硫卓,0
500人造车？自行车吗,1
怎么跟我一样,0
肯定能，我就等跌下来买，现在不敢买了,0
别恶心人,1
特高压在全世界都是一流的！,0
乖，马上启动了,0
哈哈，抱着希望的倒霉蛋,1
？？？,0
鬼知道它目的是啥，所以要等它横盘突破后才买入,0
用啥砸？没到发行价怎么解禁？,0
什么时候上市,0
7个月也来,0
看看美利云,0
哈哈，太烂了，没人完,0
我9.6的本,0
希望大涨,0
7元多买的，还在等,0
牛B吹得，是不是股票上市那天就拿上了。,1
妖王的末日快到了[龇牙]8,0
你一个整天内心想暴发的也有脸谈价值投资？,1
我116本，周五进的有点想哭,0
能，一会就6900了，赶紧加仓啊。。哈哈哈,0
你是不是有病。,1
你觉得稍微有点脑子的尾盘散户会买？风险大于机会,1
建仓4月，利润过40%，没必要这里天天 乱窜 看好就自己拿着，别人又不是用你钱炒股，学会低调做人要有点格局。,0
上,0
香港用的不是九安的,0
1％的换手都没有，开什么板,0
说板的却偷偷拿着卖了，这世道赚钱的门路会给别人说吗,0
你是牛逼人物[龇牙]8,0
天天一副心电图的样子。真不明白你们的脑子都是浆糊么,1
辛苦你了，一条消息不停的重复发,0
合并预期,0
三阴必有阳，做T,0
别被评论区带节奏。,0
借你吉言,0
5块多卖的还没说话，当时赚了四万多,0
股票要三到五只，买一只风险太大，买太多你管不好！,0
回答错误，那天股东没空没减持[龇牙]8,0
它有啥都没用,0
怕是跌停吧,0
人越缺什么东西，他越向世界炫耀。        ————红色圈圈王007,1
别人百万大单，只能算是小弟弟了,0
??是你家的股么,0
你积点德吧，还忽悠散户接盘，周一不跌停开盘就赶紧割肉吧！啊㗏！,1
十倍大牛？100倍差不多,0
真的假的，都被套住了，不耗着，能怎么办？,0
九阳神功 一阳指,0
看看我说什么来的。,0
你这个早产,0
股票要三到五只，买一只风险太大，买太多你管不好！,0
我都装死好几年了，依然深套,0
盘子太大了，一般人扇不动,0
10日线都感觉好困难的,0
你想多了！！真没必要,0
横有多长，树有多高,0
快开多，要不来不及了<br />,0
因为要看我倒立洗头[笑哭],0
这垃圾就会说这句,1
你有中原的股票吗？闲的你蛋疼,0
大家都喊卖了，这个股票要涨了,0
净资产17[笑]1,0
看这个集合竞价就得死的很惨今天,1
大股东是谁，是地方融资平台，想在资本市场融资，为平台债务解套，那这个股能好吗？,0
你确定不会负五千?,1
看来这个比装的太失败了，得股价印证下挽回点面子,1
跌了吗？不一样了[龇牙]8[龇牙]8[龇牙]8[龇牙]8[龇牙]8,0
这脑子还炒股？,1
中国货，物美价廉！[色]4,0
说的好像你解套了一样[打脸]19,0
讨厌，净说大实话[吃瓜]15,0
怎么每天跟做梦一样,0
都希望涨，但是他不争气,0
你牛逼你买呀,0
问题不大，看到20,0
沈阳,0
我认真看完了，笑死了，牛皮,0
哈哈哈哈别怕[狗]28,0
没主力，没散户[龇牙]8,0
手机KTVYY图<br />从最近3年的年度表现来看，2020年是以“两瓶酒”为代表的大消费表演的一年。2021年是以宁德时代为代表的新能源表现的一年。显而易见三大板块中主要的两大板块在过去两年里都轮番表演过了。水皮想现在无论如何，即便从保守的角度来讲，如果有结构性机会，也只可能是大金融板块。大盘指数已经走坏，注定今年是震荡调整行情，高估值版块风险加大，主力资金调仓换股到低估值滞涨的银行金融版块，江浙地区的银行受益于当地经济发展，发展空间巨大，具有涨停基因的小市值紫金银行底部已出现，目前月线金叉，趋势处于上升通道，布局建仓时机，未来可期，正在酝酿大行情，全面注册制后银行股也会有20cm大长腿,0
涨肯定的，翻倍没那么快，长线,0
又不是挖币的矿机[捂脸]18,0
连花清瘟,0
今天看涨,0
在哪下载啊？,0
两个互不相干的公司，就算是大股东投资，那也是个人的事，最多拿着天士力的分红去再投资，这很正常，我们拿着天士力的分红不也去买别的公司的股票？天士力需要投资，公司有钱有资金，几十亿的利润，看不见吗？,0
100万拉一个点。。,0
必须高开 低开请别回头 跑！！！,0
你牛逼啊！哈哈小韭菜被卖了还帮庄家数钱。,1
高开！你怎么操作？,0
锦龙持有东莞证券股份，东莞证券要过会上市,0
做股东,0
逻辑是这样。就看资金,0
放心，跑不了,0
蛋,0
今天一字板跌停开盘，散户割肉没机会了。,0
100吧？,0
一路下跌，,0
赶紧买啊？,0
给你刷火箭,1
没人进他割谁！洗盘洗的是以前的套牢盘和超短获利盘！,0
不说你两句你都能上房揭瓦似的。,0
世界大战,0
那这个股票不是东数西算板块吗？,0
逆天,0
你不会自己算吗。周五港股美股票净值下跌5个点，你说这个etc跌多少？,1
那你快跑快跑快跑快跑快跑,0
必须涨停,0
[笑]1,0
无中生有,0
跑,0
下午有你打脸的时候,1
你这个脸很疼吧？,1
来了,0
必须点的！就你话多！,1
这就是仁者见仁，智者见智了！,0
凶多吉少啊保重,0
中信会诱多设套？,0
何止俩波。全年贯穿数字经济,0
看了你的评论 感觉得跑了,0
哪还有跌的纸？你真是太牛了！,0
说反了吧,0
乌克兰升级,0
这股完了,0
他跟啥都有关联，盈利能力差,0
高手在股民中,0
正股四十多亿封单 怕是要秒封20,0
能,0
啥时候评论区骂声一片的时候，说他是垃圾股的时候，你就可以补仓了,1
天士力与国台酒同属大股东的，问题是大股东拿天士力（上市公司）的钱买自己的酒，等于把上市公司的钱，放进自己腰包。,0
你老师呢,0
低开？你怕不是傻吧，一字的买不到，只能抢这只了！,0
人才啊哈哈哈好哒,0
哈哈 仙人指锤子,0
周线级别已止跌回升了，必涨，所以你至少拿个几周必赚。,0
14今天割肉跑了亏了40多个点[流泪]7[流泪]7,0
就说服不服[捂脸]18,0
开会跌的最惨,0
看看高点的数字，20.88,0
那是跌停处交易 一会儿就好了,0
现在就是高点,0
肯定流拍啊，不是早就说好给抵安了，公司都成立了,0
明天一字板才有希望<br />,0
本来想卖了，看了你的忠告，再过半年,0
看新闻，俄美要会谈,0
300<br />,0
快涨，涨到贰佰元我就发财了[龇牙]8[色]4,0
跌死吸筹,0
纯碱2800建议短线朋友全部出掉。我们中线继续带,0
怕什么低开加仓做T 最多两天就给你解套出来,0
天天疯啊,0
脑袋被门夹了,0
五年前，我也是这么想的，到现在还没解套。,0
三只乌鸦，好快跑吧,0
水土不服就服你,0
我相信这故事是真的[可爱]2,0
[笑哭]我竟然看完了,0
要是再连续过不掉压力位，估计就只能往下走走，等一等再来一波了,0
已经委托跌停板卖出,0
集合竞价在48.6纠结,0
好文采,0
要是有参与东奥早就有好几个涨停板了,0
你是动煤吧那个捡钱哥吗？,0
吹牛不用负责任的。,0
请问这个跟比克有关联吗,0
大概率会涨，,0
辛苦了！,0
16元以下买入确实可以的。,0
你家里人要起飞？？,1
放心，等我大A开盘，带它飞,0
语句不通顺,0
请问明天还能买吗？我上周5收盘卖，今天又追，收盘又急着卖了[流泪]7,0
帅不过3秒[捂脸]18[捂脸]18[捂脸]18[捂脸]18[捂脸]18,0
涨停开，，，，,0
什么意思,0
想多了,0
估计今晚公布,0
你可以选择不买的嘛,0
我九安19买的，还亏钱出来呢,0
多数人看好英洛华，此股在打压中前行，买了会跌，但要坚信，最终会赢的多。我觉得它不太稳，有信心的人可以持股。,0
凡是股托推荐的，都不能买。特别是高价股，大盘股。,0
可以融券啊,0
吃到肉的可以点个赞,0
撑死最多5块，也不看看港股。,0
周五就出场了,0
买上一万的一天就回本了,0
[可爱]2,0
102天了,0
卖了的呵呵,0
今年必上100,0
"嗨，呵呵呵呵[c龇牙]"" src=""//i.thsi.cn/sns/circle/wapcircle/img2/discuss/emoji/n2[c龇牙]"" src=""//i.thsi.cn/sns/circle/wapcircle/img2/discuss/emoji/n2[c龇牙]"" src=""//i.thsi.cn/sns/circle/wapcircle/img2/discuss/emoji/n2",0
四维图新(002405.SZ)今天成交量为5261.21万股。,0
说明原地爆炸,0
会大涨,0
利空是低吸，利好是找接盘，你应该是新来的吧,0
谁tm给你的自信 庄都不敢这么定,0
今天又完了,0
s,0
感觉脑子多少有点（ ）,1
是的太牛逼了，前无古人后无来者[痛苦]3[痛苦]3[痛苦]3,0
比如通策医疗就很优秀是吧[龇牙]8,0
他一来大家赶快卖吧，他又想忽悠韭菜买股,1
全是国家的，不是联想地？,0
泓联是干啥啥不行，下跌第一名！,1
你哭个求  我是九安医疗第一个涨停前一天11.12跑的   你这个渣渣,0
继续幻想！,1
这样的上层公司搞职业教育也是搞高端的,0
还好3个多点抛了。,0
然后你买入是吗<br />,0
你这是瞎遍乱改啊、忽悠讲点真话,1
雷毛线，你就是雷，赶快炸吧。,1
我走了也不后悔，不想买垃圾股！不过我挣了几毛走的,0
有才,0
不可能到六元的，想多了，即使反弹，估计最多也到三块,0
坚持坚持，加油,0
真是羡慕。,0
来利空了。取消会晤,0
你想多了吧……这是万年虾子，不会涨的,0
解禁好不好？,0
全职与兼职的区别,0
牛B,0
再次启动等回本模式,0
我也是觉得怎么发行的，望清查,0
这么收放自如吗,0
发电煤炭不计数,0
自己被套那么久了还在这吠 还在这看空 魔怔了？,0
憨批一个，所以说你就是韭菜一个。那你说才3倍多就够了？？憨批一个。主线加龙头企业。3倍就开始走下坡了？？憨批，下周再看。,1
俄乌大战跟我们有什么关系,0
熊样的公司熊样的董事长,0
你这牛逼把自己都吹激动了吧,0
有多少手锁仓？,0
如果听机构的预测散户肯定稳赚，为啥要听机构的呢，机构是为大户服务的，没经验的散户散户，听有经验的散户就可以了,0
请你吃肉喝酒,0
股是好股，就是买不进去啊！,0
老师推荐的就要卖，忽悠接盘呢,0
周几能买进啊，小孔[吃瓜]15,0
香港疫情靠中药,0
16.5的本[痛苦]3,0
最近几天将去贵绳玩了！汇通改成一般关注了，感觉三天内汇通不好做了，今天11.96卖了后先不做了。,0
你卖了这只票，天呐，这么强势的票你都买，我都懒得挂单。肯定买不进去[吃瓜]15,0
加不加呢，升,0
聪明人,0
你今天能买进去，算你厉害,0
天齐锂业,0
国际上的开盘时间和中国的不一样，黄金是全球的,0
不坑人赚谁的钱呢。,0
低开就该跑了，凡是给你机会上去了基本都是要割你了,0
得劲了吗,0
周五没过夜亏了[吐血]11,0
看你股龄??,0
等着被活埋,0
佳力图偏贵了，该走了,0
高开是架空的好时机,0
发跌定的也个猪脑,1
抄底，今天大反转,0
应该站上半年线更重要吧,0
你这顶部怎么看出来的，指点一下,0
纯坑，跑吧,0
这股盘子太大，也看好它，但是应该没机会涨这么多吧,0
因为你这种垃圾出现在股吧,1
现在奥运会都是利空概念，何况亚运会呢！谁敢去啊……呵呵,0
空头支票的利好意义不大,0
亏了不少吧，亏的人都傻了,0
跌不下去是吧？这周把你脸打肿,0
同感<br />,0
谁没做过韭菜?,0
有价无市；大跌也难；空还需要时间,0
明显是假北上，掩护出货的，现在出的差不多了越是反弹假北上越是要出货,0
留,0
你踏空了吧？天天唱空有意义吗？,0
让他能滚多远滚多远,1
还会有机会的,0
只有2厘米,0
你个托,1
这股票可以超过茅台，上五千一股,0
不送！,0
晕,0
早卖早解脱,0
哈哈哈哈,0
8999了,0
美盛文化00269933 今天会低开。4.9都可能会到，但随后会有惊喜。今天是个好日子。,0
再拿三年能上天,0
龙头,0
抄袭别人的文案，人家???线低位，天齐???线高位；莫害人…[捂脸]18[捂脸]18[捂脸]18,0
我挂跌停出货，你来接盘吧,1
6块钱涨上来的，你会去接盘吗,0
不是可能，是肯定,0
跑吧 主要是浪费行情,0
是的，看看金辰和天齐之前翻多少倍的走势,0
听老板忠告，我等着解套呢,0
没有波动反弹的力气的股，股价又不是最低的，现在只能算半山腰短期应该还是走直线,0
哪里来的外资,0
4倍股还指着主力给你拉升，不当韭菜都不行啊[龇牙]8[龇牙]8,0
湘军大势已去！,0
....,0
白马股，应该有个市值修复过程。目前营收利润比例高于市值。参考其他股，南兴的市值在80亿--120亿之间比较合理。,0
3850饲料选择玉米了,0
今年趋势，是30以内的,0
天时地利人和，但老庄不愿意拉升，很简单,0
说你有，你就有。,0
智能这两个字值钱,0
我5元的成本，还在[可爱]2,0
嘴下留德,0
就这点出息，这几手够庄家塞牙缝么,1
我可以骂你吗？就你一天再这里瞎逼逼,1
这是买了多少啊，逼疯了？,1
酒蒙子,1
你确定，打脸可就不好了,1
说明割你韭菜,0
东莞证券，上市了,0
在山顶上的我，这两个月还有机会翻本吗？,0
完了，又得跌了<br />,0
扯的没边了 空仓就对了,1
天齐锂业，找机会买1手,0
无脑黑,0
肯定还会回1.9以下,0
马上跌停,0
活久见,0
你还活着吗,1
以后挖掘到大牛告诉我一声哈,0
放心持股待涨停板,0
准备10点半了,0
资金硬炒的，吸引你来接盘的，你看你不就来关注它了吗,0
这个股票你不是天天都在推荐吗？打脸了吧,1
烂烦，起名是高手,0
??????,0
要涨早涨了，天天开盘不红不绿的,1
这是主板的，第一天44,0
疯癫了，刷屏？,0
你觉得今天可能开板吗,0
早就可以了,0
什么时候上市啊,0
哈哈买时间长了就可以习惯了，不管是谁买了，都跑不掉，不管你在什么价位，它一直陪伴着你。不要拿它当茅台永远陪着你挣钱，他是来锁住你的,0
搞不懂这些人这么早就卖,0
跟你大爷先学做人，没家教的皮害,1
著名作家吗？,0
打一个板进的,0
你信能买到吗？,0
老乡别走，它有,0
业绩亏损，面临退市风险！跌起来吓死人,0
从最近3年的年度表现来看，2020年是以“两瓶酒”为代表的大消费表演的一年。2021年是以宁德时代为代表的新能源表现的一年。显而易见三大板块中主要的两大板块在过去两年里都轮番表演过了。水皮想现在无论如何，即便从保守的角度来讲，如果有结构性机会，也只可能是大金融板块。大盘指数已经走坏，注定今年是震荡调整行情，高估值版块风险加大，主力资金调仓换股到低估值滞涨的银行金融版块，江浙地区的银行受益于当地经济发展，发展空间巨大，具有涨停基因的小市值紫金银行底部已出现，目前月线金叉，趋势处于上升通道，布局建仓时机，未来可期，正在酝酿大行情，全面注册制后银行股也会有20cm大长腿,0
就这？不知道的以为你能控制资本市场呢,0
我22.6,0
说出这种话的人应该是被市场无数个跌停板教育的[龇牙]8,0
一切都在这个故事里。您费心了。好人一生平安,0
你先买100股，把眼睛睁开,1
坚定持有,0
放心，有你在……不会让他到8.5的,0
打脸了吧，早上发完下午就68了。。何必呢,1
有机会请你喝酒??,0
机会应该有，就看你跟不跟！,0
结果出来了，主力一波洗，哈哈,0
能看到20元,0
这么大的盘子，你想开多少？,0
融券做空,0
那你跑来干嘛？,0
恒立实业括弧里面应该是(跟风砸毛),0
礼拜一向上反应时，监管部门回复说正准备对苹果进行调查，今天就跌了，给力，等待暴跌7000,0
开始继续下跌开始了，不信走着看,0
去转债,0
1000+，甚至超过茅台3000+，最后上天成仙，人间无价,0
94买个200手，等99再卖，没1个点懒得玩,0
反正今天大数据板块那么牛,0
你被我们嘲笑了,0
收盘前做出一个判断,0
希望突破1.83,0
不要拦着我，这股要超过茅台是元宇宙茅??????,0
里面有操盘的吗？,0
历害。,0
对，减持之前肯拉一波再减持。,0
有什么消息了吗,0
没有可比性，标榜机构拿了超过百分之51的筹码,0
大哥你历害,0
今天大跌，因为看涨的人多,0
长点脑子,1
不可能的，华友不让。<br />,0
人才啊[可爱]2,0
做个人吧,1
18.76被拿捏的死死的,0
再性你一次，，不会亏吧,1
搞笑，打脸了啊啊啊,1
你就是牛身上的B，简称牛笔,1
跌停。的人呢,0
三个板有没有,0
看来能回来,0
吃不到葡萄吧，哈哈哈,1
都两个涨停了,0
三年[龇牙]8[龇牙]8[龇牙]8[龇牙]8[龇牙]8,0
20的时候记得过来打脸,1
看一下会不会回调一点，我再买吧,0
时间换空间,0
这决心庄家都怕了[龇牙]8,0
新冠口服液是不是玻璃瓶装的,0
国资大股东解禁，应该不会卖的,0
别吓姐噢，[可爱]2[可爱]2[可爱]2,0
想多了,0
最近半年来看，最高是44%,0
我75,0
香港要建方舱了，酸葡萄只有追高的命,0
差不多,0
你能不能标点符号整明白 能不能把这七拼八凑的码这么多字能否少点 比如 等等之类 来点省略号…….信你 梅一生,0
亚辉龙…,0
甘肃的风好大,0
果然是好韭菜[棒]27[棒]27[棒]27[棒]27[棒]27[棒]27,1
主力玩的真悠闲,0
截个图看看,0
不看看背靠着谁？河南农投！！,0
涨停板,0
你太有才了！,0
傻啦吧唧,1
小姐姐明天怎么操作,0
国台酒和天士力是两个独立的公司，没有啥关系,0
[打脸]19[打脸]19[打脸]19P个图上来吧,1
死局已定，没几个月或者几年不会涨,0
手续费，我的16块多,0
毛用没有,0
放心，问题不大,0
只要报业绩好，就得大跌，这就是大a逻辑,0
厉害??,0
一字涨停不好,0
快进,0
我也认同，东数西算基础设施建设怎么能不用电缆,0
锁了，谁便拉,0
那这炒作是发应到股票中的。我查一下是新基建,0
没有可比性,0
大哥 你能不能不了解 就别瞎说啊 常山北明10多万散户  散户集中营,0
今天要疯狂出货了,0
拿不住，股数太多，准备开拋,0
周五几十万封不住今天三万一字？别搞笑了，我今天一定有水下买入的机会,0
[棒]27[棒]27[棒]27,0
只要再往下打，就低吸，庄想洗，我就吸[可爱]2,1
啪啪响,0
一直看  不敢动,0
好像是这样,0
因为要看我倒立洗头[笑哭],1
哈哈哈哈哈哈哈,0
买买买?????????????????????????????????,0
是的,0
字太多了兄弟<br /><br />没人看,1
今天出息了  反超雅本了[可爱]2,0
龙回头主力就不拉，你不要害人了,0
照你这样说散户就不该赚钱 散户就不该炒股,0
80岁的老人，曾经辉煌过,0
已经满仓坐等,0
你想不想闷杀庄家？装什么？来玩的？搞慈善的？装什么啊？！,1
差不多，9.6,0
咋啦,0
阿弥陀佛,0
闷杀，主力都跑了,0
股价便宜，好进,0
4.42/4.43,0
大a喜欢听故事,0
13块再卖,0
资本无序扩张，必须遏制,0
天天就听见你们满天飞的说跌停这下打脸了吧,1
50可入,0
你可真招人没烦，这么不看好为什么不滚远点呢，想证明什么呢？,1
妖股就是情绪，天时地利人和慢慢走出来，谈什么业绩等等,1
你哥没骗你，只是你哥没说是恒瑞。,0
有人炒作今天怎么熄火了,1
这我就放心了,0
好像很懂。,0
哈哈哈，果然是格局少了,0
博腾股份(300363)当前市盈率为95.09，在所属医疗服务行业排名9/44。,0
7点不开盘你就来消息，你有多心虚[凋谢]23,1
开一分钱也是高吗？,0
这个关键时候贵贱不卖，小跌大涨，还是划算。,0
白说,0
但凡是有盘花生米也不至于醉的这样！,0
唉,0
老后悔了，50.87没卖,0
预期是多少你说下,0
借你吉言发个小财,0
看看你评论的股，打脸不疼吗,1
要大跌了兄弟,0
你把它做疯子看就是,0
你不知道止损，亏死你！,1
签风险同意书,0
一字板来了.出来走两步,0
[捂脸]18那个李老师,0
庄股,0
事实又要打你脸了,1
你家有几个矿也嚯嚯没了,0
今天要涨停，还有7个板！主力要加油，散户也要加油！他值！,0
用什么看好啊？大哥,0
数据中心好几个大号一字，不至于吧,0
破5敢不敢进,0
什么东西？还想西数东算,0
今天不会涨，回撤不深就不错了。,0
既然要解禁，谁给你拉升？,0
大神带我飞,0
又一个托,1
梦是反的,0
新韭菜,0
亏了20%,0
涨停了,0
这位大概是手机拿反的红绿色盲，大家别理他,1
你是主力的儿子吗？,1
笑的有点早[龇牙]8,0
想进多少都给您进,0
十四年第一次,0
赶紧走吧，业绩一出直接ST去了,0
以我为原型嘛[吐血]11,0
这周能让我解套吗[流泪]7,0
买在了山顶[吐血]11,0
最后在跌一半。把那些有钱人都爆仓了,0
咱不讨论你说的对不对 就单单这个首当其冲就很不对,1
少了，3700,1
正解,0
注意避险，21年四季度报，立讯精密为前十大基金增持股，但这是四季度初的操作，到21年底已经涨了一个季度，近两个月高位震荡，很可能是主力在出货了，而且近期频繁破位支撑线，有走出下降通道的趋势，前两天的利好消息可能是在配合主力诱多散户接盘的，综合，短期风险大于机会。不在乎短期被套的长线选手可以忽略,0
都过去式啦,0
一二十亿,0
准备干地板上,0
支持这就是明显资金操控按个给监管部门打电话,0
呵呵，十几个涨停的票多了，没见过？,0
接不回来了,0
恐怕没机会,0
出公告了，好像五月底上市[色]4[色]4,0
都是拖,0
大哥 是你吗,0
我清了一半仓位，那也是为了避免更大的风险，再等机会加仓，不过现在在风口上不会回调太多。,0
那么张扬不核你核谁啊。,0
投资券商上市24号过会,0
拿了两年多也没有见过大涨什么样，9.5进去的，目前还在这晃悠呢[龇牙]8,0
发现有些人就是来搞笑的，周五说的明明白白，这地方要有个板，但我不知道啥时能板。<br />既然你想买入就上板，那就去追热点，现在预制菜又不在风口，但追热点自然就要承担追热点的风险,0
赚钱才是硬道理,0
开盘价都收不回！如此尿性！唯德迈仕耳！,0
在没有官方消息之前，任何的小道消息，都是谣言,0
九安马上下来了,0
就涨停那天龙二，还咂板了[笑哭],0
成交了吧,0
莫难过，命里没有莫强求,0
遇上你种黑心无良的老板就别想有回本之日了。,1
！！！！！,0
先追明牌股，风头过了再跟辅助股,0
洗走浮筹 才能走得更好,0
年底出剁肉就好了，扛到现在，,0
我也锁仓中。今天还加仓了,0
秀啊，大兄弟，给你刷波666。万万没想到评论区还有如你这般的此等人才！[棒]27,0
用回购吸引眼球的,1
明显是要起飞了,0
守住,0
确实恶心，最近都是板块排名倒数第一第二,0
房住不炒，地产股不可能出妖怪。,0
天天到处乱叫，得有多闲,1
一会就打脸啦,1
还有机会吗？7.8成本[捂脸]18,0
石油大涨，PVC大涨,0
希望别打脸,1
感觉主力在震荡建仓,0
周五大量散户跑步入场。。。,0
上200国内就应该是80一升了……[捂脸]18[捂脸]18[捂脸]18,0
上个交易日,0
我也想问,0
不知道说什么了！！！,0
逼逼的人太多了，你恐怕要排队！,1
跌到你怀疑人生，呵呵拭目以待<br />,0
见你妹,1
还有个冬残奥运会,0
买的不多，试试,0
会是怎么样,0
这么贪心，我都挂13.3卖出,0
太好了哈哈哈哈笑死了，死叉筹码分布今天基本五个点以上，满仓那只能恭喜,0
就那点点又不补仓，明年都回不了本,1
明天,0
为啥会不看好呢,0
耐心胜于一切[棒]27[棒]27[棒]27,0
写小说呢？,1
不是质量不行，是基本不对症啊,0
今天有望20个点,0
本人正式宣布，你是托,0
死托，出来走几步,1
真大哥！,0
没预告，可能业绩有雷,0
别炒股了回家炒红薯吧,0
"嗨，呵呵呵呵[c龇牙]"" src=""//i.thsi.cn/sns/circle/wapcircle/img2/discuss/emoji/n2[c龇牙]"" src=""//i.thsi.cn/sns/circle/wapcircle/img2/discuss/emoji/n2[c龇牙]"" src=""//i.thsi.cn/sns/circle/wapcircle/img2/discuss/emoji/n2",0
那就躺平！,0
对，欲擒故纵,0
我18。不急，网友说2个月，我等了70多个月了,0
撤还是留呢,0
不知何年何月能解套，63本确实亏大,0
23号,0
说反了吧,0
无聊??无语！今天不会涨，放心,1
感觉主力在收恐慌筹码,0
是舍不得失去盈利吧[龇牙]8,0
只要能赚钱，管他是不是内幕,0
这就是韭菜 涨买跌卖,1
开盘就跌,0
牛哥看多，不是好事，之前唱空，托儿一枚,0
今天,0
掐脚趾一算，你脸肿。,0
[打脸]19,0
我的天，还真有卖的，不考虑概念，看走势这也是底部，有啥好怕的呢,0
我靠，你那个货吗？,1
至少四个点跌,0
那就好了 可以加仓了,0
看你这搞笑的嘴脸[捂脸]18,1
买,0
只要在涨就好,0
看来是亏疯了，你见过这股票有出息过吗？本性难改,0
梦想一定要有  万一实现了呢[龇牙]8,0
明天很有可能涨停,0
这么多年就没有一飞冲天过，只有跌跌不休[发怒]14,0
一字板？,0
你所谓的疯狂出货，出的真多,0
哈哈哈哈哈哈孝死人了 继续你的极品发言吧7头,1
自己想吧，告诉你别人怎么赚钱,0
我也是啊兄弟<br />,0
小日本今天不开盘？,0
你想融都融不到，融券割韭菜的是机构，大基金都走了更加肆无忌惮了,0
九十多,0
我开盘就杀进，全力看好,0
建议你在多看看书你现在的心理承受能力不适合玩,0
横幅更有效,0
[吃瓜]15[吃瓜]15[吃瓜]15,0
跌幅,0
松了一口气,0
能弥补还为时不晚，经济下行钱难挣，早几年前挣钱容易多了。现在举步维坚。,0
龙津医药要涨至少5个点,0
一毛钱都没有,0
看你评论那么多那次不是打脸？,1
我就不跑！星期五打板进的我就不然,0
肩负国家战略物资重担,0
两个板起步,0
14以上[流泪]7,0
我没你脑子那么好使,1
还涨停？要回调整理了！,0
不是房地产吗<br />,0
是啊，他们成本很低，4.53的成本。,0
散户吃了啊,0
现在就是供需平衡转折点，还开多,0
猜猜今天多少收盘,0
还要往下探的趋势……,0
就是一坨??,0
我觉得你炒股没亏，不然编不出这样的段子，张导冯导要是能看到，你就发了[捂脸]18,0
主要是你得先能买到[委屈]6,0
后续100年吗？,0
估计早餐吃撑了,0
亏损的钱政府应补贴给公司,0
估计这两天要回调一下再拉升,0
怎么想得！估什套了太多！,0
老乡别跑,0
太好了，又绿了，哈哈,1
不要纠结开盘，主力资金有备而来,0
真的[送花]22,0
中国电信(601728.SH)2022年2月21日换手率是1.11%。,0
吵架巴,1
好酸哦??,0
说出来也不用脑子想想,1
不如想几个上涨的理由吧，我也套着呢,0
厉害阿,0
有多少人是唱着看完的<br />,0
超级打脸,1
你自己不看看，人家都快跑完了，你还在这里意淫,1
又会打断一次[可爱]2[可爱]2[可爱]2,0
喊了[捂脸]18,0
在这个股吃过亏，不敢轻易进啊,0
铁顶上十块，而且突破前高，立贴为证,0
该调整了,0
靠，今天最高点刚好30元，一分不多一分不少。邪了,0
我周四卖了，周五没来得及接,0
所汪举家入所，一蹶不振,0
熵就是你得相信任何东西都在慢慢变坏，就是如果没有东西低消这种变坏，他会一直变坏，那么非自然现象就是改变它！,0
早就可以了,0
以后要发就发涨还是跌，扯这些没有,0
早着呢，这10个涨停,0
散户都跑，10.5左右接回，主力也只能给你打工！,0
这家伙当时君正一样,0
属于算是散户概念,0
同病相怜，一个点都不差,0
两年了你还在？,0
九安能涨到一千,0
梦天家居60321617 2亿利润，47亿市值，怎么看也不合理啊！,0
跟巨星。今天巨星爷爷不好,0
那你赚到了,0
明天一字板 放量板也是要成妖,0
193能回本，200能收益,0
？你继续叫？打脸吗？,1
现在不?，难道封死了再排队？,0
我要买下整个tcl，把它改成养猪场,1
不要硬抗，一次运气不好真的很痛,0
如果董秘这么说那就厉害了,0
买在了山顶[吐血]11,0
你这样说我放心多了，你说涨停我才害怕，你这种韭菜每天在那里被打脸,1
[流泪]7[骂]16[发呆]10,0
看到8960停顿了一下就立马平掉了5分钟不到50多个点，不亏是大佬,0
港股咋又跌了呀，今天又要吃面了,0
本人说了涨与跌都不会出[龇牙]8[龇牙]8,0
今天要是涨停你们要感谢我，我割肉了[捂脸]18,0
围观,1
不是娶媳妇吗??,0
今天基本上低开，放心进,0
骗人的吧,0
金种子就看到多少？,0
我看见你路上有人在跑，只挂了个屁帘，只不过挂在脸上,1
个人目标价十以上[可爱]2[可爱]2,0
不会无缘无故跳水的，低多安全多了,0
在你脑子里只要不是蹭蹭的涨只要回落你就说出货的，你真以为主力跟你样，做盘就为了盈利那一块钱利润，主力游资都是借钱做盘的，就这点利润还不够费用跟利息。,1
咋不说200呢,0
就算深南退也要先ST在带星,0
我涨停那天跑的,0
最毒妇人心,1
股神，牛批牛批,0
亏得不多，这里亏几百万上千万的大有人在,1
早呀 紧跟老师脚步,0
看着难受[发呆]10,0
仅代表东北为您提供黑土,0
不要跑老乡,0
我20个点我叫了吗,1
都这么多年了，还农业,0
[送花]22,0
很多券商自己持有股份不断唱多，不负责任的写研报推送自己的票，还有很多干脆靠出研报赚钱，很多都是不负责任的,0
不是已经绿了么,0
你看你这个比样，还拉升，亏死你个韭菜比,1
记住看病找我,1
这波看到30,0
TCL第二个恒大！,0
不要看那些东西，管住自己手，这是洗盘,0
这个主力比较娘,1
这个里面我就没看到过哪个有利消息出来就涨的，这些都是水军出来诱惑人的,0
胡说八道,0
喊大声点,0
所以说会不会有一个神奇两点半,0
33不减，23财务股东也是不会减的。不要指望压盘,0
悔青了,0
你赶紧满仓干多,0
你牛,0
再看看,0
老兄7块的位置指标很好啊，不知道你为什么要卖？难道当时追更牛的去了，最后估计被套的够呛,0
